0.000000,0.000000,0.161000,0.000000,0.000000,0.000000,1.000000,0.255767,0.000001,-0.512133,-0.255768,-0.000001,0.512135,0.255767,0.000001,-0.512133,-0.255768,-0.000001,0.512135
0.000000,0.000000,0.161000,0.000000,0.000000,0.000000,1.000000,0.255767,0.000001,-0.512133,-0.255768,-0.000001,0.512135,0.255767,0.000001,-0.512133,-0.255768,-0.000001,0.512135
0.000000,0.000000,0.161000,0.000000,0.000000,0.000000,1.000000,0.255767,0.000001,-0.512133,-0.255768,-0.000001,0.512135,0.255767,0.000001,-0.512133,-0.255768,-0.000001,0.512135
0.000000,0.000000,0.161000,0.000000,0.000000,0.000000,1.000000,0.255767,0.000001,-0.512133,-0.255768,-0.000001,0.512135,0.255767,0.000001,-0.512133,-0.255768,-0.000001,0.512135
0.000000,0.000000,0.161000,0.000000,0.000000,0.000000,1.000000,0.255767,0.000001,-0.512133,-0.255768,-0.000001,0.512135,0.255767,0.000001,-0.512133,-0.255768,-0.000001,0.512135
0.000000,0.000000,0.161000,0.000000,0.000000,0.000000,1.000000,0.255767,0.000001,-0.512133,-0.255768,-0.000001,0.512135,0.255767,0.000001,-0.512133,-0.255768,-0.000001,0.512135
0.000000,0.000000,0.161000,0.000000,0.000000,0.000000,1.000000,0.255767,0.000001,-0.512133,-0.255768,-0.000001,0.512135,0.255767,0.000001,-0.512133,-0.255768,-0.000001,0.512135
0.000000,0.000000,0.161000,0.000000,0.000000,0.000000,1.000000,0.255767,0.000001,-0.512133,-0.255768,-0.000001,0.512135,0.255767,0.000001,-0.512133,-0.255768,-0.000001,0.512135
0.000000,0.000000,0.161000,0.000000,0.000000,0.000000,1.000000,0.255767,0.000001,-0.512133,-0.255768,-0.000001,0.512135,0.255767,0.000001,-0.512133,-0.255768,-0.000001,0.512135
0.000000,0.000000,0.161000,0.000000,0.000000,0.000000,1.000000,0.255767,0.000001,-0.512133,-0.255768,-0.000001,0.512135,0.255767,0.000001,-0.512133,-0.255768,-0.000001,0.512135
0.000000,0.000000,0.161000,0.000000,0.000000,0.000000,1.000000,0.255767,0.000001,-0.512133,-0.255768,-0.000001,0.512135,0.255767,0.000001,-0.512133,-0.255768,-0.000001,0.512135
0.000000,0.000000,0.161000,0.000000,0.000000,0.000000,1.000000,0.255767,0.000001,-0.512133,-0.255768,-0.000001,0.512135,0.255767,0.000001,-0.512133,-0.255768,-0.000001,0.512135
0.000000,0.000000,0.161000,0.000000,0.000000,0.000000,1.000000,0.255767,0.000001,-0.512133,-0.255768,-0.000001,0.512135,0.255767,0.000001,-0.512133,-0.255768,-0.000001,0.512135
0.000000,0.000000,0.161000,0.000000,0.000000,0.000000,1.000000,0.255767,0.000001,-0.512133,-0.255768,-0.000001,0.512135,0.255767,0.000001,-0.512133,-0.255768,-0.000001,0.512135
0.000000,0.000000,0.161000,0.000000,0.000000,0.000000,1.000000,0.255767,0.000001,-0.512133,-0.255768,-0.000001,0.512135,0.255767,0.000001,-0.512133,-0.255768,-0.000001,0.512135
0.000000,0.000000,0.161000,0.000000,0.000000,0.000000,1.000000,0.255767,0.000001,-0.512133,-0.255768,-0.000001,0.512135,0.255767,0.000001,-0.512133,-0.255768,-0.000001,0.512135
0.000000,0.000000,0.161000,0.000000,0.000000,0.000000,1.000000,0.255767,0.000001,-0.512133,-0.255768,-0.000001,0.512135,0.255767,0.000001,-0.512133,-0.255768,-0.000001,0.512135
0.000000,0.000000,0.161000,0.000000,0.000000,0.000000,1.000000,0.255767,0.000001,-0.512133,-0.255768,-0.000001,0.512135,0.255767,0.000001,-0.512133,-0.255768,-0.000001,0.512135
0.000000,0.000000,0.161000,0.000000,0.000000,0.000000,1.000000,0.255767,0.000001,-0.512133,-0.255768,-0.000001,0.512135,0.255767,0.000001,-0.512133,-0.255768,-0.000001,0.512135
0.000000,0.000000,0.161000,0.000000,0.000000,0.000000,1.000000,0.255767,0.000001,-0.512133,-0.255768,-0.000001,0.512135,0.255767,0.000001,-0.512133,-0.255768,-0.000001,0.512135
0.000000,0.000000,0.161000,0.000000,0.000000,0.000000,1.000000,0.255767,0.000001,-0.512133,-0.255768,-0.000001,0.512135,0.255767,0.000001,-0.512133,-0.255768,-0.000001,0.512135
0.000000,0.000000,0.161000,0.000000,0.000000,0.000000,1.000000,0.255767,0.000001,-0.512133,-0.255768,-0.000001,0.512135,0.255767,0.000001,-0.512133,-0.255768,-0.000001,0.512135
0.000000,0.000000,0.161000,0.000000,0.000000,0.000000,1.000000,0.255767,0.000001,-0.512133,-0.255768,-0.000001,0.512135,0.255767,0.000001,-0.512133,-0.255768,-0.000001,0.512135
0.000000,0.000000,0.161000,0.000000,0.000000,0.000000,1.000000,0.255767,0.000001,-0.512133,-0.255768,-0.000001,0.512135,0.255767,0.000001,-0.512133,-0.255768,-0.000001,0.512135
0.000000,0.000000,0.161000,0.000000,0.000000,0.000000,1.000000,0.255767,0.000001,-0.512133,-0.255768,-0.000001,0.512135,0.255767,0.000001,-0.512133,-0.255768,-0.000001,0.512135
0.000000,0.000000,0.161000,0.000000,0.000000,0.000000,1.000000,0.255767,0.000001,-0.512133,-0.255768,-0.000001,0.512135,0.255767,0.000001,-0.512133,-0.255768,-0.000001,0.512135
0.000053,0.000040,0.160987,0.000000,0.000000,0.000000,1.000000,0.255408,0.000303,-0.512162,-0.255279,0.000300,0.511958,0.255408,0.000303,-0.512162,-0.255279,0.000300,0.511958
0.000384,0.000288,0.160904,0.000000,0.000000,0.000000,1.000000,0.252787,0.002143,-0.511510,-0.251892,0.002131,0.510099,0.252787,0.002143,-0.511510,-0.251892,0.002131,0.510099
0.001158,0.000869,0.160710,0.000000,0.000000,0.000000,1.000000,0.246795,0.006466,-0.510297,-0.243958,0.006477,0.505850,0.246795,0.006466,-0.510297,-0.243958,0.006477,0.505850
0.002437,0.001828,0.160391,0.000000,0.000000,0.000000,1.000000,0.236993,0.013622,-0.508521,-0.230978,0.013649,0.499066,0.236993,0.013622,-0.508521,-0.230978,0.013649,0.499066
0.004198,0.003148,0.159951,0.000000,0.000000,0.000000,1.000000,0.223704,0.023536,-0.506672,-0.213513,0.023530,0.490519,0.223704,0.023536,-0.506672,-0.213513,0.023530,0.490519
0.006349,0.004762,0.159413,0.000000,0.000000,0.000000,1.000000,0.208050,0.035640,-0.505468,-0.192665,0.035632,0.481079,0.208050,0.035640,-0.505468,-0.192665,0.035632,0.481079
0.008754,0.006565,0.158812,0.000000,0.000000,0.000000,1.000000,0.191183,0.049195,-0.505392,-0.170003,0.049185,0.471816,0.191183,0.049195,-0.505392,-0.170003,0.049185,0.471816
0.011246,0.008435,0.158188,0.000000,0.000000,0.000000,1.000000,0.174423,0.063264,-0.506727,-0.147231,0.063255,0.463639,0.174423,0.063264,-0.506727,-0.147231,0.063255,0.463639
0.013651,0.010238,0.157587,0.000000,0.000000,0.000000,1.000000,0.158964,0.076850,-0.509382,-0.125953,0.076841,0.457112,0.158964,0.076850,-0.509382,-0.125953,0.076841,0.457112
0.015802,0.011852,0.157049,0.000000,0.000000,0.000000,1.000000,0.145743,0.089006,-0.512897,-0.107501,0.088998,0.452401,0.145743,0.089006,-0.512897,-0.107501,0.088998,0.452401
0.017563,0.013172,0.156609,0.000000,0.000000,0.000000,1.000000,0.135363,0.098952,-0.516577,-0.092814,0.098941,0.449334,0.135363,0.098952,-0.516577,-0.092814,0.098941,0.449334
0.018842,0.014131,0.156290,0.000000,0.000000,0.000000,1.000000,0.128139,0.106186,-0.519821,-0.082436,0.106159,0.447654,0.128139,0.106186,-0.519821,-0.082436,0.106159,0.447654
0.019616,0.014712,0.156096,0.000000,0.000000,0.000000,1.000000,0.123784,0.110552,-0.521822,-0.076233,0.110502,0.446741,0.123784,0.110552,-0.521822,-0.076233,0.110502,0.446741
0.019947,0.014960,0.156013,0.000000,0.000000,0.000000,1.000000,0.121933,0.112408,-0.522706,-0.073560,0.112384,0.446363,0.121933,0.112408,-0.522706,-0.073560,0.112384,0.446363
0.020000,0.015000,0.156000,0.000000,0.000000,0.000000,1.000000,0.121654,0.112719,-0.522870,-0.073102,0.112696,0.446266,0.121654,0.112719,-0.522870,-0.073102,0.112696,0.446266
0.020000,0.015000,0.156000,0.000000,0.000000,0.000000,1.000000,0.121654,0.112719,-0.522870,-0.073102,0.112696,0.446266,0.118615,0.112876,-0.515475,-0.073102,0.112696,0.446266
0.020000,0.015000,0.156000,0.000000,0.000000,0.000000,1.000000,0.121654,0.112719,-0.522870,-0.073102,0.112696,0.446266,0.101312,0.113802,-0.473170,-0.073102,0.112696,0.446266
0.020000,0.015000,0.156000,0.000000,0.000000,0.000000,1.000000,0.121654,0.112719,-0.522870,-0.073102,0.112696,0.446266,0.067033,0.116152,-0.387171,-0.073102,0.112696,0.446266
0.020000,0.015000,0.156000,0.000000,0.000000,0.000000,1.000000,0.121654,0.112719,-0.522870,-0.073102,0.112696,0.446266,0.022320,0.120473,-0.269436,-0.073102,0.112696,0.446266
0.020000,0.015000,0.156000,0.000000,0.000000,0.000000,1.000000,0.121654,0.112719,-0.522870,-0.073102,0.112696,0.446266,-0.023037,0.126891,-0.140637,-0.073102,0.112696,0.446266
0.020000,0.015000,0.156000,0.000000,0.000000,0.000000,1.000000,0.121654,0.112719,-0.522870,-0.073102,0.112696,0.446266,-0.060950,0.134779,-0.020950,-0.073102,0.112696,0.446266
0.020000,0.015000,0.156000,0.000000,0.000000,0.000000,1.000000,0.121654,0.112719,-0.522870,-0.073102,0.112696,0.446266,-0.087365,0.142698,0.074271,-0.073102,0.112696,0.446266
0.020000,0.015000,0.156000,0.000000,0.000000,0.000000,1.000000,0.121654,0.112719,-0.522870,-0.073102,0.112696,0.446266,-0.102345,0.148814,0.136346,-0.073102,0.112696,0.446266
0.020000,0.015000,0.156000,0.000000,0.000000,0.000000,1.000000,0.121654,0.112719,-0.522870,-0.073102,0.112696,0.446266,-0.108479,0.151908,0.164717,-0.073102,0.112696,0.446266
0.020000,0.015000,0.156000,0.000000,0.000000,0.000000,1.000000,0.121654,0.112719,-0.522870,-0.073102,0.112696,0.446266,-0.109453,0.152458,0.169523,-0.073102,0.112696,0.446266
0.020000,0.015000,0.156000,0.000000,0.000000,0.000000,1.000000,0.121654,0.112719,-0.522870,-0.073102,0.112696,0.446266,-0.104814,0.151945,0.165138,-0.073102,0.112696,0.446266
0.020000,0.015000,0.156000,0.000000,0.000000,0.000000,1.000000,0.121654,0.112719,-0.522870,-0.073102,0.112696,0.446266,-0.077866,0.149081,0.138956,-0.073102,0.112696,0.446266
0.020000,0.015000,0.156000,0.000000,0.000000,0.000000,1.000000,0.121654,0.112719,-0.522870,-0.073102,0.112696,0.446266,-0.021313,0.143346,0.081494,-0.073102,0.112696,0.446266
0.020000,0.015000,0.156000,0.000000,0.000000,0.000000,1.000000,0.121654,0.112719,-0.522870,-0.073102,0.112696,0.446266,0.060066,0.135793,-0.007143,-0.073102,0.112696,0.446266
0.020000,0.015000,0.156000,0.000000,0.000000,0.000000,1.000000,0.121654,0.112719,-0.522870,-0.073102,0.112696,0.446266,0.155043,0.128138,-0.119350,-0.073102,0.112696,0.446266
0.020000,0.015000,0.156000,0.000000,0.000000,0.000000,1.000000,0.121654,0.112719,-0.522870,-0.073102,0.112696,0.446266,0.249833,0.121752,-0.240271,-0.073102,0.112696,0.446266
0.020000,0.015000,0.156000,0.000000,0.000000,0.000000,1.000000,0.121654,0.112719,-0.522870,-0.073102,0.112696,0.446266,0.331173,0.117337,-0.350789,-0.073102,0.112696,0.446266
0.020000,0.015000,0.156000,0.000000,0.000000,0.000000,1.000000,0.121654,0.112719,-0.522870,-0.073102,0.112696,0.446266,0.387895,0.114858,-0.431340,-0.073102,0.112696,0.446266
0.020000,0.015000,0.156000,0.000000,0.000000,0.000000,1.000000,0.121654,0.112719,-0.522870,-0.073102,0.112696,0.446266,0.414986,0.113840,-0.470757,-0.073102,0.112696,0.446266
0.020000,0.015000,0.156000,0.000000,0.000000,0.000000,1.000000,0.121654,0.112719,-0.522870,-0.073102,0.112696,0.446266,0.419796,0.113684,-0.477836,-0.073102,0.112696,0.446266
0.020000,0.014920,0.156000,0.000000,0.000000,0.000000,1.000000,0.121421,0.112122,-0.522513,-0.073113,0.112100,0.446286,0.419578,0.113083,-0.477500,-0.073113,0.112100,0.446286
0.020000,0.014424,0.156000,0.000000,0.000000,0.000000,1.000000,0.119972,0.108420,-0.520280,-0.073239,0.108397,0.446487,0.418156,0.109355,-0.475296,-0.073239,0.108397,0.446487
0.020000,0.013262,0.156000,0.000000,0.000000,0.000000,1.000000,0.116591,0.099680,-0.515036,-0.073597,0.099717,0.447061,0.414844,0.100553,-0.470135,-0.073597,0.099717,0.447061
0.020000,0.011344,0.156000,0.000000,0.000000,0.000000,1.000000,0.111145,0.085259,-0.506544,-0.074622,0.085266,0.448712,0.409506,0.086023,-0.461775,-0.074622,0.085266,0.448712
0.020000,0.008704,0.156000,0.000000,0.000000,0.000000,1.000000,0.104406,0.065424,-0.496003,-0.076453,0.065435,0.451653,0.402898,0.066027,-0.451387,-0.076453,0.065435,0.451653
0.020000,0.005477,0.156000,0.000000,0.000000,0.000000,1.000000,0.097094,0.041175,-0.484502,-0.079529,0.041182,0.456582,0.395726,0.041566,-0.440046,-0.079529,0.041182,0.456582
0.020000,0.001869,0.156000,0.000000,0.000000,0.000000,1.000000,0.090100,0.014058,-0.473435,-0.084073,0.014061,0.463841,0.388863,0.014195,-0.429127,-0.084073,0.014061,0.463841
0.020000,-0.001869,0.156000,0.000000,0.000000,0.000000,1.000000,0.084128,-0.014055,-0.463936,-0.090038,-0.014051,0.473328,0.383003,-0.014195,-0.419750,-0.090038,-0.014051,0.473328
0.020000,-0.005477,0.156000,0.000000,0.000000,0.000000,1.000000,0.079573,-0.041178,-0.456657,-0.097032,-0.041168,0.484395,0.378532,-0.041595,-0.412562,-0.097032,-0.041168,0.484395
0.020000,-0.008704,0.156000,0.000000,0.000000,0.000000,1.000000,0.076483,-0.065432,-0.451705,-0.104351,-0.065417,0.495909,0.375499,-0.066102,-0.407670,-0.104351,-0.065417,0.495909
0.020000,-0.011344,0.156000,0.000000,0.000000,0.000000,1.000000,0.074639,-0.085264,-0.448741,-0.111107,-0.085253,0.506479,0.373689,-0.086143,-0.404743,-0.111107,-0.085253,0.506479
0.020000,-0.013262,0.156000,0.000000,0.000000,0.000000,1.000000,0.073771,-0.099659,-0.447354,-0.116463,-0.099665,0.514819,0.372833,-0.100689,-0.403363,-0.116463,-0.099665,0.514819
0.020000,-0.014424,0.156000,0.000000,0.000000,0.000000,1.000000,0.073230,-0.108327,-0.446478,-0.119893,-0.108388,0.520143,0.372305,-0.109447,-0.402506,-0.119893,-0.108388,0.520143
0.020000,-0.014920,0.156000,0.000000,0.000000,0.000000,1.000000,0.073110,-0.112076,-0.446283,-0.121317,-0.112088,0.522342,0.372188,-0.113236,-0.402315,-0.121317,-0.112088,0.522342
0.020000,-0.015000,0.156000,0.000000,0.000000,0.000000,1.000000,0.073093,-0.112695,-0.446253,-0.121576,-0.112710,0.522738,0.372171,-0.113862,-0.402286,-0.121576,-0.112710,0.522738
0.020000,-0.015000,0.156000,0.000000,0.000000,0.000000,1.000000,0.073093,-0.112695,-0.446253,-0.121576,-0.112710,0.522738,0.372171,-0.113862,-0.402286,-0.118617,-0.112876,0.515478
0.020000,-0.015000,0.156000,0.000000,0.000000,0.000000,1.000000,0.073093,-0.112695,-0.446253,-0.121576,-0.112710,0.522738,0.372171,-0.113862,-0.402286,-0.101314,-0.113802,0.473172
0.020000,-0.015000,0.156000,0.000000,0.000000,0.000000,1.000000,0.073093,-0.112695,-0.446253,-0.121576,-0.112710,0.522738,0.372171,-0.113862,-0.402286,-0.067035,-0.116152,0.387174
0.020000,-0.015000,0.156000,0.000000,0.000000,0.000000,1.000000,0.073093,-0.112695,-0.446253,-0.121576,-0.112710,0.522738,0.372171,-0.113862,-0.402286,-0.022321,-0.120473,0.269438
0.020000,-0.015000,0.156000,0.000000,0.000000,0.000000,1.000000,0.073093,-0.112695,-0.446253,-0.121576,-0.112710,0.522738,0.372171,-0.113862,-0.402286,0.023035,-0.126891,0.140639
0.020000,-0.015000,0.156000,0.000000,0.000000,0.000000,1.000000,0.073093,-0.112695,-0.446253,-0.121576,-0.112710,0.522738,0.372171,-0.113862,-0.402286,0.060947,-0.134780,0.020951
0.020000,-0.015000,0.156000,0.000000,0.000000,0.000000,1.000000,0.073093,-0.112695,-0.446253,-0.121576,-0.112710,0.522738,0.372171,-0.113862,-0.402286,0.087362,-0.142699,-0.074270
0.020000,-0.015000,0.156000,0.000000,0.000000,0.000000,1.000000,0.073093,-0.112695,-0.446253,-0.121576,-0.112710,0.522738,0.372171,-0.113862,-0.402286,0.102342,-0.148815,-0.136345
0.020000,-0.015000,0.156000,0.000000,0.000000,0.000000,1.000000,0.073093,-0.112695,-0.446253,-0.121576,-0.112710,0.522738,0.372171,-0.113862,-0.402286,0.108475,-0.151909,-0.164716
0.020000,-0.015000,0.156000,0.000000,0.000000,0.000000,1.000000,0.073093,-0.112695,-0.446253,-0.121576,-0.112710,0.522738,0.372171,-0.113862,-0.402286,0.109450,-0.152459,-0.169522
0.020000,-0.015000,0.156000,0.000000,0.000000,0.000000,1.000000,0.073093,-0.112695,-0.446253,-0.121576,-0.112710,0.522738,0.372171,-0.113862,-0.402286,0.104810,-0.151946,-0.165136
0.020000,-0.015000,0.156000,0.000000,0.000000,0.000000,1.000000,0.073093,-0.112695,-0.446253,-0.121576,-0.112710,0.522738,0.372171,-0.113862,-0.402286,0.077863,-0.149082,-0.138954
0.020000,-0.015000,0.156000,0.000000,0.000000,0.000000,1.000000,0.073093,-0.112695,-0.446253,-0.121576,-0.112710,0.522738,0.372171,-0.113862,-0.402286,0.021309,-0.143347,-0.081493
0.020000,-0.015000,0.156000,0.000000,0.000000,0.000000,1.000000,0.073093,-0.112695,-0.446253,-0.121576,-0.112710,0.522738,0.372171,-0.113862,-0.402286,-0.060070,-0.135794,0.007144
0.020000,-0.015000,0.156000,0.000000,0.000000,0.000000,1.000000,0.073093,-0.112695,-0.446253,-0.121576,-0.112710,0.522738,0.372171,-0.113862,-0.402286,-0.155047,-0.128138,0.119352
0.020000,-0.015000,0.156000,0.000000,0.000000,0.000000,1.000000,0.073093,-0.112695,-0.446253,-0.121576,-0.112710,0.522738,0.372171,-0.113862,-0.402286,-0.249837,-0.121752,0.240273
0.020000,-0.015000,0.156000,0.000000,0.000000,0.000000,1.000000,0.073093,-0.112695,-0.446253,-0.121576,-0.112710,0.522738,0.372171,-0.113862,-0.402286,-0.331176,-0.117337,0.350790
0.020000,-0.015000,0.156000,0.000000,0.000000,0.000000,1.000000,0.073093,-0.112695,-0.446253,-0.121576,-0.112710,0.522738,0.372171,-0.113862,-0.402286,-0.387899,-0.114858,0.431341
0.020000,-0.015000,0.156000,0.000000,0.000000,0.000000,1.000000,0.073093,-0.112695,-0.446253,-0.121576,-0.112710,0.522738,0.372171,-0.113862,-0.402286,-0.414989,-0.113840,0.470759
0.020000,-0.015000,0.156000,0.000000,0.000000,0.000000,1.000000,0.073093,-0.112695,-0.446253,-0.121576,-0.112710,0.522738,0.372171,-0.113862,-0.402286,-0.419799,-0.113684,0.477838
0.019947,-0.014960,0.155987,0.000000,0.000000,0.000000,1.000000,0.073248,-0.112401,-0.445821,-0.121645,-0.112431,0.522219,0.372490,-0.113567,-0.402125,-0.420086,-0.113381,0.477641
0.019616,-0.014712,0.155904,0.000000,0.000000,0.000000,1.000000,0.074017,-0.110628,-0.443057,-0.121600,-0.110645,0.518192,0.374576,-0.111721,-0.401382,-0.421302,-0.111543,0.475543
0.018842,-0.014131,0.155710,0.000000,0.000000,0.000000,1.000000,0.075905,-0.106447,-0.436637,-0.121425,-0.106402,0.508554,0.379478,-0.107391,-0.399645,-0.424395,-0.107190,0.470967
0.017563,-0.013172,0.155391,0.000000,0.000000,0.000000,1.000000,0.079209,-0.099460,-0.426149,-0.121328,-0.099390,0.492901,0.387934,-0.100160,-0.397285,-0.429550,-0.099987,0.463487
0.015802,-0.011852,0.154951,0.000000,0.000000,0.000000,1.000000,0.084271,-0.089814,-0.412531,-0.121855,-0.089710,0.472283,0.399823,-0.090219,-0.394507,-0.437148,-0.090061,0.453990
0.013651,-0.010238,0.154413,0.000000,0.000000,0.000000,1.000000,0.091182,-0.077927,-0.396895,-0.123350,-0.077808,0.448228,0.414924,-0.078025,-0.392060,-0.447060,-0.077893,0.443375
0.011246,-0.008435,0.153812,0.000000,0.000000,0.000000,1.000000,0.099836,-0.064508,-0.380708,-0.126090,-0.064399,0.422772,0.432538,-0.064345,-0.390558,-0.458934,-0.064246,0.432787
0.008754,-0.006565,0.153188,0.000000,0.000000,0.000000,1.000000,0.109825,-0.050455,-0.365352,-0.130083,-0.050372,0.397939,0.451599,-0.050122,-0.390377,-0.472099,-0.050057,0.423223
0.006349,-0.004762,0.152587,0.000000,0.000000,0.000000,1.000000,0.120408,-0.036763,-0.351853,-0.135014,-0.036709,0.375434,0.470757,-0.036369,-0.391528,-0.485606,-0.036333,0.415347
0.004198,-0.003148,0.152049,0.000000,0.000000,0.000000,1.000000,0.130696,-0.024401,-0.340935,-0.140299,-0.024375,0.356486,0.488525,-0.024051,-0.393665,-0.498317,-0.024031,0.409379
0.002437,-0.001828,0.151609,0.000000,0.000000,0.000000,1.000000,0.139670,-0.014213,-0.332785,-0.145224,-0.014203,0.341799,0.503502,-0.013966,-0.396192,-0.509189,-0.013958,0.405320
0.001158,-0.000869,0.151290,0.000000,0.000000,0.000000,1.000000,0.146501,-0.006769,-0.327302,-0.149200,-0.006772,0.331688,0.514632,-0.006637,-0.398470,-0.517338,-0.006634,0.402813
0.000384,-0.000288,0.151096,0.000000,0.000000,0.000000,1.000000,0.150704,-0.002280,-0.324123,-0.151656,-0.002292,0.325677,0.521470,-0.002202,-0.400032,-0.522294,-0.002224,0.401381
0.000053,-0.000040,0.151013,0.000000,0.000000,0.000000,1.000000,0.152596,-0.000325,-0.322856,-0.152755,-0.000330,0.323117,0.524355,-0.000322,-0.400656,-0.524518,-0.000316,0.400916
0.000000,0.000000,0.151000,0.000000,0.000000,0.000000,1.000000,0.152857,-0.000003,-0.322553,-0.152919,-0.000003,0.322668,0.524883,-0.000001,-0.400841,-0.524886,0.000001,0.400842
0.000000,0.000000,0.150999,0.000000,-0.000007,0.000000,1.000000,0.152857,-0.000003,-0.322553,-0.152919,-0.000003,0.322668,0.524883,-0.000001,-0.400841,-0.524886,0.000001,0.400842
0.000000,0.000000,0.150995,0.000000,-0.000056,0.000000,1.000000,0.152788,-0.000003,-0.322599,-0.152832,-0.000001,0.322709,0.524683,-0.000001,-0.400645,-0.524686,0.000001,0.400646
0.000000,0.000000,0.150982,0.000000,-0.000184,0.000000,1.000000,0.152628,-0.000003,-0.322706,-0.152642,-0.000000,0.322829,0.524206,0.000002,-0.400069,-0.524209,-0.000002,0.400070
0.000000,0.000000,0.150959,0.000000,-0.000427,0.000000,1.000000,0.152278,0.000000,-0.323053,-0.152281,-0.000000,0.323058,0.523286,0.000003,-0.399005,-0.523289,-0.000003,0.399005
0.000000,0.000000,0.150921,0.000000,-0.000817,0.000000,1.000000,0.151703,0.000000,-0.323424,-0.151703,-0.000000,0.323426,0.521807,0.000005,-0.397291,-0.521810,-0.000005,0.397292
0.000001,0.000000,0.150866,0.000000,-0.001382,0.000000,0.999999,0.150865,0.000000,-0.323957,-0.150866,-0.000000,0.323958,0.519658,0.000007,-0.394802,-0.519661,-0.000007,0.394802
0.000001,0.000000,0.150791,0.000000,-0.002149,0.000000,0.999998,0.149731,0.000000,-0.324679,-0.149731,-0.000000,0.324681,0.516741,0.000010,-0.391422,-0.516744,-0.000010,0.391423
0.000001,0.000000,0.150695,0.000000,-0.003139,0.000000,0.999995,0.148266,0.000000,-0.325613,-0.148266,-0.000000,0.325614,0.512897,0.000006,-0.386953,-0.512900,-0.000006,0.386953
0.000002,0.000000,0.150575,0.000000,-0.004373,0.000000,0.999990,0.146444,0.000000,-0.326786,-0.146444,-0.000000,0.326787,0.508190,0.000009,-0.381510,-0.508194,-0.000009,0.381510
0.000002,0.000000,0.150430,0.000000,-0.005869,0.000000,0.999983,0.144241,0.000000,-0.328199,-0.144242,-0.000001,0.328201,0.502397,0.000001,-0.374752,-0.502401,-0.000001,0.374753
0.000003,0.000000,0.150258,0.000000,-0.007641,0.000000,0.999971,0.141639,0.000000,-0.329873,-0.141640,-0.000001,0.329874,0.495640,0.000001,-0.366945,-0.495643,-0.000001,0.366946
0.000004,0.000000,0.150058,0.000000,-0.009700,0.000000,0.999953,0.138622,0.000001,-0.331818,-0.138622,-0.000001,0.331820,0.487803,0.000001,-0.357912,-0.487806,-0.000001,0.357913
0.000004,0.000000,0.149829,0.000000,-0.012057,0.000000,0.999927,0.135180,0.000001,-0.334044,-0.135180,-0.000001,0.334045,0.478858,0.000002,-0.347631,-0.478862,-0.000002,0.347631
0.000005,0.000000,0.149571,0.000000,-0.014719,0.000000,0.999892,0.131306,0.000001,-0.336556,-0.131307,-0.000001,0.336558,0.468788,0.000002,-0.336090,-0.468792,-0.000002,0.336091
0.000007,0.000000,0.149282,0.000000,-0.017690,0.000000,0.999844,0.126999,0.000001,-0.339359,-0.127000,-0.000001,0.339361,0.457584,0.000002,-0.323292,-0.457587,-0.000002,0.323293
0.000008,0.000000,0.148963,0.000000,-0.020973,0.000000,0.999780,0.122261,0.000001,-0.342455,-0.122261,-0.000001,0.342457,0.445246,0.000002,-0.309251,-0.445249,-0.000002,0.309252
0.000009,0.000000,0.148614,0.000000,-0.024570,0.000000,0.999698,0.117095,0.000001,-0.345844,-0.117095,-0.000001,0.345845,0.431783,0.000002,-0.293991,-0.431787,-0.000002,0.293992
0.000011,0.000000,0.148234,0.000000,-0.028478,0.000000,0.999594,0.111510,0.000001,-0.349523,-0.111511,-0.000001,0.349524,0.417212,0.000002,-0.277547,-0.417215,-0.000002,0.277548
0.000012,0.000000,0.147825,0.000000,-0.032695,0.000000,0.999465,0.105519,0.000001,-0.353487,-0.105520,-0.000001,0.353489,0.401556,0.000002,-0.259960,-0.401559,-0.000003,0.259961
0.000014,0.000000,0.147386,0.000000,-0.037214,0.000000,0.999307,0.099135,0.000001,-0.357732,-0.099136,-0.000001,0.357734,0.384845,0.000003,-0.241281,-0.384848,-0.000003,0.241282
0.000016,0.000000,0.146918,0.000000,-0.042030,0.000000,0.999116,0.092381,-0.000000,-0.362268,-0.092381,0.000000,0.362269,0.367114,0.000003,-0.221567,-0.367118,-0.000003,0.221568
0.000018,0.000000,0.146422,0.000000,-0.047133,0.000000,0.998889,0.085332,-0.000000,-0.367217,-0.085332,0.000000,0.367218,0.348405,0.000003,-0.200879,-0.348409,-0.000003,0.200880
0.000020,0.000000,0.145899,0.000000,-0.052514,0.000000,0.998620,0.077900,-0.000000,-0.372284,-0.077901,0.000000,0.372285,0.328763,0.000003,-0.179284,-0.328766,-0.000003,0.179285
0.000022,0.000000,0.145350,0.000000,-0.058160,0.000000,0.998307,0.070161,-0.000000,-0.377595,-0.070162,0.000000,0.377597,0.308236,0.000003,-0.156852,-0.308239,-0.000003,0.156853
0.000024,0.000000,0.144776,0.000000,-0.064059,0.000000,0.997946,0.062135,-0.000000,-0.383130,-0.062136,0.000000,0.383131,0.286877,0.000003,-0.133658,-0.286880,-0.000004,0.133658
0.000026,0.000000,0.144178,0.000000,-0.070197,0.000000,0.997533,0.053849,-0.000000,-0.388874,-0.053850,0.000000,0.388875,0.264740,0.000003,-0.109775,-0.264744,-0.000004,0.109776
0.000029,0.000000,0.143559,0.000000,-0.076557,0.000000,0.997065,0.045329,-0.000000,-0.394808,-0.045329,0.000000,0.394810,0.241885,0.000004,-0.085281,-0.241888,-0.000004,0.085281
0.000031,0.000000,0.142920,0.000000,-0.083124,0.000000,0.996539,0.036602,-0.000000,-0.400914,-0.036602,0.000000,0.400916,0.218370,0.000004,-0.060253,-0.218373,-0.000004,0.060254
0.000034,0.000000,0.142261,0.000000,-0.089879,0.000000,0.995953,0.027695,-0.000000,-0.407171,-0.027695,0.000000,0.407173,0.194256,0.000004,-0.034770,-0.194260,-0.000004,0.034771
0.000036,0.000000,0.141586,0.000000,-0.096805,0.000000,0.995303,0.018635,-0.000001,-0.413557,-0.018636,0.000000,0.413559,0.169607,0.000004,-0.008910,-0.169610,-0.000005,0.008911
0.000039,0.000000,0.140895,0.000000,-0.103881,0.000000,0.994590,0.009451,-0.000001,-0.420050,-0.009452,0.000001,0.420051,0.144486,0.000004,0.017250,-0.144489,-0.000005,-0.017249
0.000042,0.000000,0.140191,0.000000,-0.111088,0.000000,0.993811,0.000170,-0.000001,-0.426626,-0.000171,0.000001,0.426628,0.118957,0.000004,0.043632,-0.118960,-0.000005,-0.043631
0.000044,0.000000,0.139476,0.000000,-0.118405,0.000000,0.992965,-0.009182,-0.000001,-0.433262,0.009181,0.000001,0.433264,0.093086,0.000004,0.070161,-0.093089,-0.000005,-0.070160
0.000047,0.000000,0.138752,0.000000,-0.125811,0.000000,0.992054,-0.018577,-0.000001,-0.439934,0.018576,0.000001,0.439935,0.066937,0.000005,0.096761,-0.066940,-0.000005,-0.096760
0.000050,0.000000,0.138020,0.000000,-0.133285,0.000000,0.991078,-0.027989,-0.000001,-0.446618,0.027988,0.000001,0.446619,0.040577,0.000005,0.123361,-0.040580,-0.000006,-0.123360
0.000053,0.000000,0.137283,0.000000,-0.140805,0.000000,0.990037,-0.037393,-0.000001,-0.453290,0.037392,0.000001,0.453292,0.014071,0.000005,0.149888,-0.014074,-0.000006,-0.149887
0.000056,0.000000,0.136542,0.000000,-0.148349,0.000000,0.988935,-0.046763,-0.000001,-0.459928,0.046763,0.000001,0.459929,-0.012515,0.000005,0.176272,0.012512,-0.000006,-0.176271
0.000058,0.000000,0.135801,0.000000,-0.155895,0.000000,0.987774,-0.056076,-0.000001,-0.466507,0.056075,0.000001,0.466508,-0.039116,0.000005,0.202446,0.039113,-0.000006,-0.202445
0.000061,0.000000,0.135061,0.000000,-0.163422,0.000000,0.986556,-0.065307,-0.000001,-0.473006,0.065306,0.000001,0.473007,-0.065666,0.000005,0.228345,0.065662,-0.000006,-0.228344
0.000064,0.000000,0.134324,0.000000,-0.170906,0.000000,0.985287,-0.074434,-0.000001,-0.479403,0.074433,0.000001,0.479405,-0.092100,0.000006,0.253904,0.092097,-0.000007,-0.253903
0.000067,0.000000,0.133592,0.000000,-0.178328,0.000000,0.983971,-0.083435,-0.000001,-0.485680,0.083434,0.000001,0.485681,-0.118354,0.000006,0.279063,0.118351,-0.000007,-0.279062
0.000070,0.000000,0.132867,0.000000,-0.185665,0.000000,0.982613,-0.092288,-0.000001,-0.491815,0.092287,0.000001,0.491817,-0.144365,0.000006,0.303763,0.144362,-0.000007,-0.303762
0.000072,0.000000,0.132152,0.000000,-0.192898,0.000000,0.981219,-0.100973,-0.000001,-0.497793,0.100972,0.000001,0.497795,-0.170068,0.000006,0.327948,0.170065,-0.000008,-0.327947
0.000075,0.000000,0.131448,0.000000,-0.200006,0.000000,0.979795,-0.109470,-0.000001,-0.503598,0.109469,0.000001,0.503599,-0.195401,0.000006,0.351564,0.195398,-0.000008,-0.351563
0.000078,0.000000,0.130758,0.000000,-0.206969,0.000000,0.978347,-0.117761,-0.000001,-0.509213,0.117760,0.000001,0.509214,-0.220302,0.000006,0.374561,0.220299,-0.000008,-0.374560
0.000080,0.000000,0.130082,0.000000,-0.213769,0.000000,0.976884,-0.125828,-0.000001,-0.514627,0.125827,0.000001,0.514628,-0.244710,0.000007,0.396891,0.244707,-0.000008,-0.396890
0.000083,0.000000,0.129424,0.000000,-0.220388,0.000000,0.975412,-0.133653,-0.000001,-0.519829,0.133652,0.000001,0.519830,-0.268566,0.000007,0.418508,0.268563,-0.000008,-0.418507
0.000085,0.000000,0.128784,0.000000,-0.226809,0.000000,0.973939,-0.141235,-0.000002,-0.524784,0.141235,0.000002,0.524785,-0.291810,0.000007,0.439370,0.291807,-0.000009,-0.439369
0.000088,0.000000,0.128165,0.000000,-0.233016,0.000000,0.972473,-0.148530,-0.000002,-0.529534,0.148530,0.000002,0.529535,-0.314385,0.000007,0.459440,0.314382,-0.000009,-0.459439
0.000090,0.000000,0.127568,0.000000,-0.238994,0.000000,0.971021,-0.155539,-0.000002,-0.534048,0.155539,0.000002,0.534049,-0.336235,0.000007,0.478681,0.336232,-0.000009,-0.478680
0.000092,0.000000,0.126994,0.000000,-0.244729,0.000000,0.969592,-0.162249,-0.000002,-0.538321,0.162248,0.000002,0.538322,-0.357307,0.000007,0.497062,0.357304,-0.000009,-0.497061
0.000094,0.000000,0.126445,0.000000,-0.250208,0.000000,0.968192,-0.168647,-0.000002,-0.542349,0.168647,0.000002,0.542350,-0.377548,0.000007,0.514554,0.377545,-0.000009,-0.514553
0.000096,0.000000,0.125922,0.000000,-0.255420,0.000000,0.966830,-0.174725,-0.000002,-0.546131,0.174724,0.000002,0.546132,-0.396910,0.000007,0.531132,0.396907,-0.000010,-0.531131
0.000098,0.000000,0.125426,0.000000,-0.260356,0.000000,0.965513,-0.180471,-0.000002,-0.549665,0.180471,0.000002,0.549666,-0.415347,0.000007,0.546775,0.415344,-0.000010,-0.546774
0.000100,0.000000,0.124958,0.000000,-0.265006,0.000000,0.964247,-0.185879,-0.000001,-0.552953,0.185878,0.000001,0.552954,-0.432816,0.000007,0.561467,0.432813,-0.000010,-0.561466
0.000102,0.000000,0.124519,0.000000,-0.269364,0.000000,0.963039,-0.190942,-0.000001,-0.555997,0.190941,0.000001,0.555998,-0.449278,0.000007,0.575195,0.449275,-0.000010,-0.575193
0.000103,0.000000,0.124109,0.000000,-0.273424,0.000000,0.961894,-0.195654,-0.000001,-0.558800,0.195654,0.000001,0.558800,-0.464701,0.000007,0.587949,0.464698,-0.000010,-0.587948
0.000105,0.000000,0.123729,0.000000,-0.277182,0.000000,0.960817,-0.200024,-0.000000,-0.561313,0.200023,0.000000,0.561314,-0.479054,0.000007,0.599726,0.479051,-0.000010,-0.599725
0.000106,0.000000,0.123380,0.000000,-0.280637,0.000000,0.959814,-0.204027,-0.000000,-0.563652,0.204027,0.000000,0.563653,-0.492316,0.000007,0.610527,0.492314,-0.000010,-0.610526
0.000107,0.000000,0.123061,0.000000,-0.283788,0.000000,0.958887,-0.207675,-0.000000,-0.565766,0.207675,0.000000,0.565767,-0.504472,0.000006,0.620357,0.504469,-0.000009,-0.620356
0.000108,0.000000,0.122773,0.000000,-0.286636,0.000000,0.958040,-0.210972,-0.000000,-0.567660,0.210971,0.000000,0.567660,-0.515511,0.000006,0.629227,0.515508,-0.000009,-0.629226
0.000109,0.000000,0.122514,0.000000,-0.289185,0.000000,0.957273,-0.213922,-0.000000,-0.569340,0.213921,0.000000,0.569341,-0.525434,0.000006,0.637152,0.525431,-0.000009,-0.637151
0.000110,0.000000,0.122285,0.000000,-0.291441,0.000000,0.956589,-0.216531,-0.000000,-0.570815,0.216531,0.000000,0.570816,-0.534249,0.000006,0.644154,0.534247,-0.000009,-0.644153
0.000111,0.000000,0.122085,0.000000,-0.293410,0.000000,0.955987,-0.218810,-0.000000,-0.572095,0.218810,0.000000,0.572096,-0.541975,0.000006,0.650261,0.541972,-0.000009,-0.650259
0.000112,0.000000,0.121913,0.000000,-0.295103,0.000000,0.955465,-0.220769,-0.000001,-0.573188,0.220768,0.000001,0.573189,-0.548637,0.000005,0.655504,0.548634,-0.000009,-0.655503
0.000112,0.000000,0.121768,0.000000,-0.296532,0.000000,0.955023,-0.222422,-0.000001,-0.574106,0.222421,0.000001,0.574106,-0.554275,0.000005,0.659925,0.554272,-0.000008,-0.659924
0.000113,0.000000,0.121648,0.000000,-0.297711,0.000000,0.954656,-0.223786,-0.000001,-0.574859,0.223785,0.000001,0.574860,-0.558937,0.000005,0.663570,0.558934,-0.000008,-0.663568
0.000113,0.000000,0.121552,0.000000,-0.298656,0.000000,0.954361,-0.224880,-0.000001,-0.575461,0.224879,0.000001,0.575462,-0.562545,0.000024,0.666415,0.562542,-0.000027,-0.666414
0.000113,0.000000,0.121478,0.000000,-0.299387,0.000000,0.954132,-0.225727,-0.000001,-0.575926,0.225726,0.000001,0.575927,-0.565475,0.000020,0.668688,0.565472,-0.000024,-0.668687
0.000114,0.000000,0.121423,0.000000,-0.299927,0.000000,0.953962,-0.226351,-0.000001,-0.576268,0.226351,0.000001,0.576268,-0.567648,0.000016,0.670369,0.567645,-0.000019,-0.670368
0.000114,0.000000,0.121385,0.000000,-0.300298,0.000000,0.953845,-0.226782,-0.000001,-0.576503,0.226781,0.000001,0.576504,-0.569153,0.000012,0.671531,0.569151,-0.000015,-0.671530
0.000114,0.000000,0.121361,0.000000,-0.300530,0.000000,0.953772,-0.227051,-0.000001,-0.576649,0.227050,0.000001,0.576650,-0.570098,0.000009,0.672259,0.570095,-0.000012,-0.672257
0.000114,0.000000,0.121349,0.000000,-0.300653,0.000000,0.953734,-0.227193,-0.000001,-0.576727,0.227192,0.000001,0.576727,-0.570602,0.000006,0.672646,0.570599,-0.000010,-0.672645
0.000114,0.000000,0.121344,0.000000,-0.300699,0.000000,0.953719,-0.227247,-0.000001,-0.576756,0.227246,0.000001,0.576757,-0.570798,0.000005,0.672795,0.570795,-0.000008,-0.672794
0.000114,0.000000,0.121343,0.000000,-0.300706,0.000000,0.953717,-0.227247,-0.000001,-0.576756,0.227246,0.000001,0.576757,-0.570798,0.000005,0.672795,0.570795,-0.000008,-0.672794
0.000114,0.000000,0.121343,0.000000,-0.300706,0.000000,0.953717,-0.227247,-0.000001,-0.576756,0.227246,0.000001,0.576757,-0.570798,0.000005,0.672795,0.570795,-0.000008,-0.672794
0.000114,0.000000,0.121343,0.000000,-0.300706,0.000000,0.953717,-0.227247,-0.000001,-0.576756,0.227246,0.000001,0.576757,-0.570798,0.000005,0.672795,0.570795,-0.000008,-0.672794
0.000114,0.000000,0.121343,0.000000,-0.300706,0.000000,0.953717,-0.227247,-0.000001,-0.576756,0.227246,0.000001,0.576757,-0.570798,0.000005,0.672795,0.570795,-0.000008,-0.672794
0.000114,0.000000,0.121343,0.000000,-0.300706,0.000000,0.953717,-0.227247,-0.000001,-0.576756,0.227246,0.000001,0.576757,-0.570798,0.000005,0.672795,0.570795,-0.000008,-0.672794
0.000114,0.000000,0.121343,0.000000,-0.300706,0.000000,0.953717,-0.227247,-0.000001,-0.576756,0.227246,0.000001,0.576757,-0.570798,0.000005,0.672795,0.570795,-0.000008,-0.672794
0.000114,0.000000,0.121343,0.000000,-0.300706,0.000000,0.953717,-0.227247,-0.000001,-0.576756,0.227246,0.000001,0.576757,-0.570798,0.000005,0.672795,0.570795,-0.000008,-0.672794
0.000114,0.000000,0.121343,0.000000,-0.300706,0.000000,0.953717,-0.227247,-0.000001,-0.576756,0.227246,0.000001,0.576757,-0.570798,0.000005,0.672795,0.570795,-0.000008,-0.672794
0.000114,0.000000,0.121343,0.000000,-0.300706,0.000000,0.953717,-0.227247,-0.000001,-0.576756,0.227246,0.000001,0.576757,-0.570798,0.000005,0.672795,0.570795,-0.000008,-0.672794
0.000114,0.000000,0.121343,0.000000,-0.300706,0.000000,0.953717,-0.227247,-0.000001,-0.576756,0.227246,0.000001,0.576757,-0.570798,0.000005,0.672795,0.570795,-0.000008,-0.672794
0.000114,0.000000,0.121343,0.000000,-0.300706,0.000000,0.953717,-0.227247,-0.000001,-0.576756,0.227246,0.000001,0.576757,-0.570798,0.000005,0.672795,0.570795,-0.000008,-0.672794
0.000114,0.000000,0.121343,0.000000,-0.300706,0.000000,0.953717,-0.227247,-0.000001,-0.576756,0.227246,0.000001,0.576757,-0.570798,0.000005,0.672795,0.570795,-0.000008,-0.672794
0.000114,0.000000,0.121343,0.000000,-0.300706,0.000000,0.953717,-0.227247,-0.000001,-0.576756,0.227246,0.000001,0.576757,-0.570798,0.000005,0.672795,0.570795,-0.000008,-0.672794
0.000114,0.000000,0.121343,0.000000,-0.300706,0.000000,0.953717,-0.227247,-0.000001,-0.576756,0.227246,0.000001,0.576757,-0.570798,0.000005,0.672795,0.570795,-0.000008,-0.672794
0.000114,0.000000,0.121343,0.000000,-0.300706,0.000000,0.953717,-0.227247,-0.000001,-0.576756,0.227246,0.000001,0.576757,-0.570798,0.000005,0.672795,0.570795,-0.000008,-0.672794
0.000114,0.000000,0.121343,0.000000,-0.300706,0.000000,0.953717,-0.227247,-0.000001,-0.576756,0.227246,0.000001,0.576757,-0.570798,0.000005,0.672795,0.570795,-0.000008,-0.672794
0.000114,0.000000,0.121343,0.000000,-0.300706,0.000000,0.953717,-0.227247,-0.000001,-0.576756,0.227246,0.000001,0.576757,-0.570798,0.000005,0.672795,0.570795,-0.000008,-0.672794
0.000114,0.000000,0.121343,0.000000,-0.300706,0.000000,0.953717,-0.227247,-0.000001,-0.576756,0.227246,0.000001,0.576757,-0.570798,0.000005,0.672795,0.570795,-0.000008,-0.672794
0.000114,0.000000,0.121343,0.000000,-0.300706,0.000000,0.953717,-0.227247,-0.000001,-0.576756,0.227246,0.000001,0.576757,-0.570798,0.000005,0.672795,0.570795,-0.000008,-0.672794
0.000114,0.000000,0.121343,0.000000,-0.300706,0.000000,0.953717,-0.227247,-0.000001,-0.576756,0.227246,0.000001,0.576757,-0.570798,0.000005,0.672795,0.570795,-0.000008,-0.672794
0.000114,0.000000,0.121343,0.000000,-0.300706,0.000000,0.953717,-0.227247,-0.000001,-0.576756,0.227246,0.000001,0.576757,-0.570798,0.000005,0.672795,0.570795,-0.000008,-0.672794
0.000114,0.000000,0.121343,0.000000,-0.300706,0.000000,0.953717,-0.227247,-0.000001,-0.576756,0.227246,0.000001,0.576757,-0.570798,0.000005,0.672795,0.570795,-0.000008,-0.672794
0.000114,0.000000,0.121343,0.000000,-0.300706,0.000000,0.953717,-0.227247,-0.000001,-0.576756,0.227246,0.000001,0.576757,-0.570798,0.000005,0.672795,0.570795,-0.000008,-0.672794
0.000114,0.000000,0.121343,0.000000,-0.300706,0.000000,0.953717,-0.227247,-0.000001,-0.576756,0.227246,0.000001,0.576757,-0.570798,0.000005,0.672795,0.570795,-0.000008,-0.672794
0.000114,0.000000,0.121343,0.000000,-0.300706,0.000000,0.953717,-0.227247,-0.000001,-0.576756,0.227246,0.000001,0.576757,-0.570798,0.000005,0.672795,0.570795,-0.000008,-0.672794
0.000114,0.000000,0.121343,0.000000,-0.300706,0.000000,0.953717,-0.227247,-0.000001,-0.576756,0.227246,0.000001,0.576757,-0.570798,0.000005,0.672795,0.570795,-0.000008,-0.672794
0.000114,0.000000,0.121343,0.000000,-0.300706,0.000000,0.953717,-0.227247,-0.000001,-0.576756,0.227246,0.000001,0.576757,-0.570798,0.000005,0.672795,0.570795,-0.000008,-0.672794
0.000114,0.000000,0.121343,0.000000,-0.300706,0.000000,0.953717,-0.227247,-0.000001,-0.576756,0.227246,0.000001,0.576757,-0.570798,0.000005,0.672795,0.570795,-0.000008,-0.672794
0.000114,0.000000,0.121343,0.000000,-0.300706,0.000000,0.953717,-0.227247,-0.000001,-0.576756,0.227246,0.000001,0.576757,-0.570798,0.000005,0.672795,0.570795,-0.000008,-0.672794
0.000114,0.000000,0.121343,0.000000,-0.300706,0.000000,0.953717,-0.227247,-0.000001,-0.576756,0.227246,0.000001,0.576757,-0.570798,0.000005,0.672795,0.570795,-0.000008,-0.672794
0.000114,0.000000,0.121343,0.000000,-0.300706,0.000000,0.953717,-0.227247,-0.000001,-0.576756,0.227246,0.000001,0.576757,-0.570798,0.000005,0.672795,0.570795,-0.000008,-0.672794
0.000114,0.000000,0.121343,0.000000,-0.300706,0.000000,0.953717,-0.227247,-0.000001,-0.576756,0.227246,0.000001,0.576757,-0.570798,0.000005,0.672795,0.570795,-0.000008,-0.672794
0.000114,0.000000,0.121343,0.000000,-0.300706,0.000000,0.953717,-0.227247,-0.000001,-0.576756,0.227246,0.000001,0.576757,-0.570798,0.000005,0.672795,0.570795,-0.000008,-0.672794
0.000114,0.000000,0.121343,0.000000,-0.300706,0.000000,0.953717,-0.227247,-0.000001,-0.576756,0.227246,0.000001,0.576757,-0.570798,0.000005,0.672795,0.570795,-0.000008,-0.672794
0.000114,0.000000,0.121343,0.000000,-0.300706,0.000000,0.953717,-0.227247,-0.000001,-0.576756,0.227246,0.000001,0.576757,-0.570798,0.000005,0.672795,0.570795,-0.000008,-0.672794
0.000114,0.000000,0.121343,0.000000,-0.300706,0.000000,0.953717,-0.227247,-0.000001,-0.576756,0.227246,0.000001,0.576757,-0.570798,0.000005,0.672795,0.570795,-0.000008,-0.672794
0.000114,0.000000,0.121343,0.000000,-0.300706,0.000000,0.953717,-0.227247,-0.000001,-0.576756,0.227246,0.000001,0.576757,-0.570798,0.000005,0.672795,0.570795,-0.000008,-0.672794
0.000114,0.000000,0.121343,0.000000,-0.300706,0.000000,0.953717,-0.227247,-0.000001,-0.576756,0.227246,0.000001,0.576757,-0.570798,0.000005,0.672795,0.570795,-0.000008,-0.672794
0.000114,0.000000,0.121343,0.000000,-0.300706,0.000000,0.953717,-0.227247,-0.000001,-0.576756,0.227246,0.000001,0.576757,-0.570798,0.000005,0.672795,0.570795,-0.000008,-0.672794
0.000114,0.000000,0.121343,0.000000,-0.300706,0.000000,0.953717,-0.227247,-0.000001,-0.576756,0.227246,0.000001,0.576757,-0.570798,0.000005,0.672795,0.570795,-0.000008,-0.672794
0.000114,0.000000,0.121343,0.000000,-0.300706,0.000000,0.953717,-0.227247,-0.000001,-0.576756,0.227246,0.000001,0.576757,-0.570798,0.000005,0.672795,0.570795,-0.000008,-0.672794
0.000114,0.000000,0.121343,0.000000,-0.300706,0.000000,0.953717,-0.227247,-0.000001,-0.576756,0.227246,0.000001,0.576757,-0.570798,0.000005,0.672795,0.570795,-0.000008,-0.672794
0.000114,0.000000,0.121343,0.000000,-0.300706,0.000000,0.953717,-0.227247,-0.000001,-0.576756,0.227246,0.000001,0.576757,-0.570798,0.000005,0.672795,0.570795,-0.000008,-0.672794
0.000114,0.000000,0.121343,0.000000,-0.300706,0.000000,0.953717,-0.227247,-0.000001,-0.576756,0.227246,0.000001,0.576757,-0.570798,0.000005,0.672795,0.570795,-0.000008,-0.672794
0.000114,0.000000,0.121343,0.000000,-0.300706,0.000000,0.953717,-0.227247,-0.000001,-0.576756,0.227246,0.000001,0.576757,-0.570798,0.000005,0.672795,0.570795,-0.000008,-0.672794
0.000114,0.000000,0.121343,0.000000,-0.300706,0.000000,0.953717,-0.227247,-0.000001,-0.576756,0.227246,0.000001,0.576757,-0.570798,0.000005,0.672795,0.570795,-0.000008,-0.672794
0.000114,0.000000,0.121343,0.000000,-0.300706,0.000000,0.953717,-0.227247,-0.000001,-0.576756,0.227246,0.000001,0.576757,-0.570798,0.000005,0.672795,0.570795,-0.000008,-0.672794
0.000114,0.000000,0.121343,0.000000,-0.300706,0.000000,0.953717,-0.227247,-0.000001,-0.576756,0.227246,0.000001,0.576757,-0.570798,0.000005,0.672795,0.570795,-0.000008,-0.672794
0.000114,0.000000,0.121343,0.000000,-0.300706,0.000000,0.953717,-0.227247,-0.000001,-0.576756,0.227246,0.000001,0.576757,-0.570798,0.000005,0.672795,0.570795,-0.000008,-0.672794
0.000114,0.000000,0.121343,0.000000,-0.300706,0.000000,0.953717,-0.227247,-0.000001,-0.576756,0.227246,0.000001,0.576757,-0.570798,0.000005,0.672795,0.570795,-0.000008,-0.672794
0.000114,0.000000,0.121343,0.000000,-0.300706,0.000000,0.953717,-0.227247,-0.000001,-0.576756,0.227246,0.000001,0.576757,-0.570798,0.000005,0.672795,0.570795,-0.000008,-0.672794
0.000114,0.000000,0.121343,0.000000,-0.300706,0.000000,0.953717,-0.227247,-0.000001,-0.576756,0.227246,0.000001,0.576757,-0.570798,0.000005,0.672795,0.570795,-0.000008,-0.672794
0.000114,0.000000,0.121343,0.000000,-0.300706,0.000000,0.953717,-0.227247,-0.000001,-0.576756,0.227246,0.000001,0.576757,-0.570798,0.000005,0.672795,0.570795,-0.000008,-0.672794
0.000114,0.000000,0.121343,0.000000,-0.300706,0.000000,0.953717,-0.227247,-0.000001,-0.576756,0.227246,0.000001,0.576757,-0.570798,0.000005,0.672795,0.570795,-0.000008,-0.672794
0.000114,0.000000,0.121343,0.000000,-0.300706,0.000000,0.953717,-0.227247,-0.000001,-0.576756,0.227246,0.000001,0.576757,-0.570798,0.000005,0.672795,0.570795,-0.000008,-0.672794
0.000114,0.000000,0.121343,0.000000,-0.300706,0.000000,0.953717,-0.227247,-0.000001,-0.576756,0.227246,0.000001,0.576757,-0.570798,0.000005,0.672795,0.570795,-0.000008,-0.672794
0.000114,0.000000,0.121343,0.000000,-0.300706,0.000000,0.953717,-0.227247,-0.000001,-0.576756,0.227246,0.000001,0.576757,-0.570798,0.000005,0.672795,0.570795,-0.000008,-0.672794
0.000114,0.000000,0.121343,0.000000,-0.300706,0.000000,0.953717,-0.227247,-0.000001,-0.576756,0.227246,0.000001,0.576757,-0.570798,0.000005,0.672795,0.570795,-0.000008,-0.672794
0.000114,0.000000,0.121343,0.000000,-0.300706,0.000000,0.953717,-0.227247,-0.000001,-0.576756,0.227246,0.000001,0.576757,-0.570798,0.000005,0.672795,0.570795,-0.000008,-0.672794
0.000114,0.000000,0.121343,0.000000,-0.300706,0.000000,0.953717,-0.227247,-0.000001,-0.576756,0.227246,0.000001,0.576757,-0.570798,0.000005,0.672795,0.570795,-0.000008,-0.672794
0.000114,0.000000,0.121343,0.000000,-0.300706,0.000000,0.953717,-0.227247,-0.000001,-0.576756,0.227246,0.000001,0.576757,-0.570798,0.000005,0.672795,0.570795,-0.000008,-0.672794
0.000114,0.000000,0.121343,0.000000,-0.300706,0.000000,0.953717,-0.227247,-0.000001,-0.576756,0.227246,0.000001,0.576757,-0.570798,0.000005,0.672795,0.570795,-0.000008,-0.672794
0.000114,0.000000,0.121343,0.000000,-0.300706,0.000000,0.953717,-0.227247,-0.000001,-0.576756,0.227246,0.000001,0.576757,-0.570798,0.000005,0.672795,0.570795,-0.000008,-0.672794
0.000114,0.000000,0.121343,0.000000,-0.300706,0.000000,0.953717,-0.227247,-0.000001,-0.576756,0.227246,0.000001,0.576757,-0.570798,0.000005,0.672795,0.570795,-0.000008,-0.672794
0.000114,0.000000,0.121343,0.000000,-0.300706,0.000000,0.953717,-0.227247,-0.000001,-0.576756,0.227246,0.000001,0.576757,-0.570798,0.000005,0.672795,0.570795,-0.000008,-0.672794
0.000114,0.000000,0.121343,0.000000,-0.300706,0.000000,0.953717,-0.227247,-0.000001,-0.576756,0.227246,0.000001,0.576757,-0.570798,0.000005,0.672795,0.570795,-0.000008,-0.672794
0.000114,0.000000,0.121343,0.000000,-0.300706,0.000000,0.953717,-0.227247,-0.000001,-0.576756,0.227246,0.000001,0.576757,-0.570798,0.000005,0.672795,0.570795,-0.000008,-0.672794
0.000114,0.000000,0.121343,0.000000,-0.300706,0.000000,0.953717,-0.227247,-0.000001,-0.576756,0.227246,0.000001,0.576757,-0.570798,0.000005,0.672795,0.570795,-0.000008,-0.672794
0.000114,0.000000,0.121343,0.000000,-0.300706,0.000000,0.953717,-0.227247,-0.000001,-0.576756,0.227246,0.000001,0.576757,-0.570798,0.000005,0.672795,0.570795,-0.000008,-0.672794
0.000114,0.000000,0.121343,0.000000,-0.300706,0.000000,0.953717,-0.227247,-0.000001,-0.576756,0.227246,0.000001,0.576757,-0.570798,0.000005,0.672795,0.570795,-0.000008,-0.672794
0.000114,0.000000,0.121343,0.000000,-0.300706,0.000000,0.953717,-0.227247,-0.000001,-0.576756,0.227246,0.000001,0.576757,-0.570798,0.000005,0.672795,0.570795,-0.000008,-0.672794
0.000114,0.000000,0.121343,0.000000,-0.300706,0.000000,0.953717,-0.227247,-0.000001,-0.576756,0.227246,0.000001,0.576757,-0.570798,0.000005,0.672795,0.570795,-0.000008,-0.672794
0.000114,0.000000,0.121343,0.000000,-0.300706,0.000000,0.953717,-0.227247,-0.000001,-0.576756,0.227246,0.000001,0.576757,-0.570798,0.000005,0.672795,0.570795,-0.000008,-0.672794
0.000114,0.000000,0.121343,0.000000,-0.300706,0.000000,0.953717,-0.227247,-0.000001,-0.576756,0.227246,0.000001,0.576757,-0.570798,0.000005,0.672795,0.570795,-0.000008,-0.672794
0.000114,0.000000,0.121343,0.000000,-0.300706,0.000000,0.953717,-0.227247,-0.000001,-0.576756,0.227246,0.000001,0.576757,-0.570798,0.000005,0.672795,0.570795,-0.000008,-0.672794
0.000114,0.000000,0.121343,0.000000,-0.300706,0.000000,0.953717,-0.227247,-0.000001,-0.576756,0.227246,0.000001,0.576757,-0.570798,0.000005,0.672795,0.570795,-0.000008,-0.672794
0.000114,0.000000,0.121343,0.000000,-0.300706,0.000000,0.953717,-0.227247,-0.000001,-0.576756,0.227246,0.000001,0.576757,-0.570798,0.000005,0.672795,0.570795,-0.000008,-0.672794
0.000114,0.000000,0.121343,0.000000,-0.300706,0.000000,0.953717,-0.227247,-0.000001,-0.576756,0.227246,0.000001,0.576757,-0.570798,0.000005,0.672795,0.570795,-0.000008,-0.672794
0.000114,0.000000,0.121343,0.000000,-0.300706,0.000000,0.953717,-0.227247,-0.000001,-0.576756,0.227246,0.000001,0.576757,-0.570798,0.000005,0.672795,0.570795,-0.000008,-0.672794
0.000114,0.000000,0.121343,0.000000,-0.300706,0.000000,0.953717,-0.227247,-0.000001,-0.576756,0.227246,0.000001,0.576757,-0.570798,0.000005,0.672795,0.570795,-0.000008,-0.672794
0.000114,0.000000,0.121343,0.000000,-0.300706,0.000000,0.953717,-0.227247,-0.000001,-0.576756,0.227246,0.000001,0.576757,-0.570798,0.000005,0.672795,0.570795,-0.000008,-0.672794
0.000114,0.000000,0.121343,0.000000,-0.300706,0.000000,0.953717,-0.227247,-0.000001,-0.576756,0.227246,0.000001,0.576757,-0.570798,0.000005,0.672795,0.570795,-0.000008,-0.672794
0.000114,0.000000,0.121343,0.000000,-0.300706,0.000000,0.953717,-0.227247,-0.000001,-0.576756,0.227246,0.000001,0.576757,-0.570798,0.000005,0.672795,0.570795,-0.000008,-0.672794
0.000114,0.000000,0.121343,0.000000,-0.300706,0.000000,0.953717,-0.227247,-0.000001,-0.576756,0.227246,0.000001,0.576757,-0.570798,0.000005,0.672795,0.570795,-0.000008,-0.672794
0.000114,0.000000,0.121343,0.000000,-0.300706,0.000000,0.953717,-0.227247,-0.000001,-0.576756,0.227246,0.000001,0.576757,-0.570798,0.000005,0.672795,0.570795,-0.000008,-0.672794
0.000114,0.000000,0.121343,0.000000,-0.300706,0.000000,0.953717,-0.227247,-0.000001,-0.576756,0.227246,0.000001,0.576757,-0.570798,0.000005,0.672795,0.570795,-0.000008,-0.672794
0.000114,0.000000,0.121343,0.000000,-0.300706,0.000000,0.953717,-0.227247,-0.000001,-0.576756,0.227246,0.000001,0.576757,-0.570798,0.000005,0.672795,0.570795,-0.000008,-0.672794
0.000114,0.000000,0.121343,0.000000,-0.300706,0.000000,0.953717,-0.227247,-0.000001,-0.576756,0.227246,0.000001,0.576757,-0.570798,0.000005,0.672795,0.570795,-0.000008,-0.672794
0.000114,0.000000,0.121343,0.000000,-0.300706,0.000000,0.953717,-0.227247,-0.000001,-0.576756,0.227246,0.000001,0.576757,-0.570798,0.000005,0.672795,0.570795,-0.000008,-0.672794
0.000114,0.000000,0.121343,0.000000,-0.300706,0.000000,0.953717,-0.227247,-0.000001,-0.576756,0.227246,0.000001,0.576757,-0.570798,0.000005,0.672795,0.570795,-0.000008,-0.672794
0.000114,0.000000,0.121343,0.000000,-0.300706,0.000000,0.953717,-0.227247,-0.000001,-0.576756,0.227246,0.000001,0.576757,-0.570798,0.000005,0.672795,0.570795,-0.000008,-0.672794
0.000114,0.000000,0.121343,0.000000,-0.300706,0.000000,0.953717,-0.227247,-0.000001,-0.576756,0.227246,0.000001,0.576757,-0.570798,0.000005,0.672795,0.570795,-0.000008,-0.672794
0.000114,0.000000,0.121343,0.000000,-0.300706,0.000000,0.953717,-0.227247,-0.000001,-0.576756,0.227246,0.000001,0.576757,-0.570798,0.000005,0.672795,0.570795,-0.000008,-0.672794
0.000114,0.000000,0.121343,0.000000,-0.300706,0.000000,0.953717,-0.227247,-0.000001,-0.576756,0.227246,0.000001,0.576757,-0.570798,0.000005,0.672795,0.570795,-0.000008,-0.672794
0.000114,0.000000,0.121343,0.000000,-0.300706,0.000000,0.953717,-0.227247,-0.000001,-0.576756,0.227246,0.000001,0.576757,-0.570798,0.000005,0.672795,0.570795,-0.000008,-0.672794
0.000114,0.000000,0.121343,0.000000,-0.300706,0.000000,0.953717,-0.227247,-0.000001,-0.576756,0.227246,0.000001,0.576757,-0.570798,0.000005,0.672795,0.570795,-0.000008,-0.672794
0.000114,0.000000,0.121343,0.000000,-0.300706,0.000000,0.953717,-0.227247,-0.000001,-0.576756,0.227246,0.000001,0.576757,-0.570798,0.000005,0.672795,0.570795,-0.000008,-0.672794
0.000114,0.000000,0.121343,0.000000,-0.300706,0.000000,0.953717,-0.227247,-0.000001,-0.576756,0.227246,0.000001,0.576757,-0.570798,0.000005,0.672795,0.570795,-0.000008,-0.672794
0.000114,0.000000,0.121343,0.000000,-0.300706,0.000000,0.953717,-0.227247,-0.000001,-0.576756,0.227246,0.000001,0.576757,-0.570798,0.000005,0.672795,0.570795,-0.000008,-0.672794
0.000114,0.000000,0.121343,0.000000,-0.300706,0.000000,0.953717,-0.227247,-0.000001,-0.576756,0.227246,0.000001,0.576757,-0.570798,0.000005,0.672795,0.570795,-0.000008,-0.672794
0.000114,0.000000,0.121343,0.000000,-0.300706,0.000000,0.953717,-0.227247,-0.000001,-0.576756,0.227246,0.000001,0.576757,-0.570798,0.000005,0.672795,0.570795,-0.000008,-0.672794
0.000114,0.000000,0.121344,0.000000,-0.300695,0.000000,0.953720,-0.227247,-0.000001,-0.576756,0.227246,0.000001,0.576757,-0.570798,0.000005,0.672795,0.570795,-0.000008,-0.672794
0.000114,0.000000,0.121352,0.000000,-0.300625,0.000000,0.953742,-0.227161,-0.000001,-0.576709,0.227161,0.000001,0.576710,-0.570561,-0.000016,0.672556,0.570558,0.000013,-0.672555
0.000114,0.000000,0.121371,0.000000,-0.300439,0.000000,0.953801,-0.226952,-0.000001,-0.576580,0.226952,0.000001,0.576581,-0.569799,-0.000001,0.672013,0.569796,-0.000002,-0.672012
0.000114,0.000000,0.121406,0.000000,-0.300088,0.000000,0.953912,-0.226547,-0.000002,-0.576356,0.226547,0.000002,0.576357,-0.568426,-0.000004,0.670945,0.568424,0.000001,-0.670944
0.000114,0.000000,0.121463,0.000000,-0.299528,0.000000,0.954088,-0.225901,-0.000002,-0.575999,0.225901,0.000002,0.576000,-0.566231,-0.000009,0.669236,0.566228,0.000006,-0.669235
0.000113,0.000000,0.121546,0.000000,-0.298720,0.000000,0.954341,-0.224968,-0.000002,-0.575482,0.224968,0.000002,0.575482,-0.563056,-0.000015,0.666763,0.563053,0.000011,-0.666761
0.000113,0.000000,0.121657,0.000000,-0.297628,0.000000,0.954682,-0.223709,-0.000002,-0.574781,0.223708,0.000002,0.574782,-0.558771,-0.000021,0.663418,0.558768,0.000018,-0.663417
0.000112,0.000000,0.121799,0.000000,-0.296225,0.000000,0.955118,-0.222089,-0.000002,-0.573876,0.222089,0.000003,0.573876,-0.553084,0.000017,0.658948,0.553081,-0.000020,-0.658947
0.000112,0.000000,0.121976,0.000000,-0.294484,0.000000,0.955656,-0.220080,-0.000003,-0.572747,0.220080,0.000003,0.572747,-0.546229,0.000022,0.653549,0.546226,-0.000025,-0.653548
0.000111,0.000000,0.122189,0.000000,-0.292385,0.000000,0.956301,-0.217658,-0.000003,-0.571376,0.217657,0.000003,0.571377,-0.537993,0.000027,0.647032,0.537990,-0.000031,-0.647031
0.000110,0.000000,0.122441,0.000000,-0.289910,0.000000,0.957054,-0.214802,-0.000004,-0.569748,0.214802,0.000004,0.569749,-0.528326,0.000034,0.639341,0.528323,-0.000037,-0.639340
0.000109,0.000000,0.122731,0.000000,-0.287047,0.000000,0.957916,-0.211499,-0.000005,-0.567848,0.211498,0.000005,0.567849,-0.517195,0.000041,0.630431,0.517192,-0.000044,-0.630430
0.000107,0.000000,0.123061,0.000000,-0.283788,0.000000,0.958887,-0.207737,-0.000005,-0.565663,0.207736,0.000005,0.565664,-0.504499,-0.000000,0.620374,0.504497,-0.000003,-0.620373
0.000106,0.000000,0.123432,0.000000,-0.280125,0.000000,0.959963,-0.203509,-0.000006,-0.563181,0.203508,0.000006,0.563182,-0.490378,-0.000001,0.608948,0.490375,-0.000002,-0.608947
0.000104,0.000000,0.123843,0.000000,-0.276058,0.000000,0.961141,-0.198759,-0.000002,-0.560561,0.198758,0.000002,0.560561,-0.474785,-0.000001,0.596228,0.474782,-0.000002,-0.596226
0.000103,0.000000,0.124294,0.000000,-0.271587,0.000000,0.962414,-0.193576,-0.000001,-0.557494,0.193575,0.000001,0.557495,-0.457748,-0.000001,0.582206,0.457745,-0.000001,-0.582205
0.000101,0.000000,0.124785,0.000000,-0.266717,0.000000,0.963775,-0.187928,-0.000001,-0.554103,0.187927,0.000001,0.554104,-0.439304,-0.000002,0.566886,0.439301,-0.000001,-0.566885
0.000099,0.000000,0.125315,0.000000,-0.261454,0.000000,0.965216,-0.181818,-0.000001,-0.550387,0.181818,0.000001,0.550388,-0.419502,-0.000002,0.550277,0.419499,-0.000000,-0.550276
0.000097,0.000000,0.125882,0.000000,-0.255810,0.000000,0.966727,-0.175256,-0.000001,-0.546344,0.175255,0.000001,0.546344,-0.398399,-0.000002,0.532397,0.398396,-0.000000,-0.532396
0.000094,0.000000,0.126486,0.000000,-0.249796,0.000000,0.968299,-0.168253,-0.000001,-0.541971,0.168252,0.000001,0.541971,-0.376060,-0.000002,0.513271,0.376057,0.000000,-0.513270
0.000092,0.000000,0.127124,0.000000,-0.243427,0.000000,0.969919,-0.160823,-0.000001,-0.537269,0.160823,0.000001,0.537270,-0.352555,-0.000003,0.492930,0.352552,0.000000,-0.492929
0.000089,0.000000,0.127795,0.000000,-0.236723,0.000000,0.971577,-0.152878,-0.000002,-0.532341,0.152878,0.000002,0.532342,-0.327959,-0.000003,0.471415,0.327956,0.000001,-0.471413
0.000086,0.000000,0.128496,0.000000,-0.229702,0.000000,0.973261,-0.144637,-0.000002,-0.527005,0.144636,0.000002,0.527006,-0.302355,-0.000003,0.448769,0.302352,0.000001,-0.448768
0.000084,0.000000,0.129225,0.000000,-0.222386,0.000000,0.974959,-0.136024,-0.000002,-0.521360,0.136024,0.000002,0.521361,-0.275825,-0.000003,0.425046,0.275822,0.000001,-0.425045
0.000081,0.000000,0.129980,0.000000,-0.214800,0.000000,0.976658,-0.127063,-0.000002,-0.515415,0.127063,0.000002,0.515416,-0.248458,-0.000003,0.400302,0.248455,0.000001,-0.400301
0.000078,0.000000,0.130758,0.000000,-0.206969,0.000000,0.978347,-0.117777,-0.000002,-0.509185,0.117777,0.000002,0.509186,-0.220342,-0.000003,0.374601,0.220339,0.000002,-0.374600
0.000075,0.000000,0.131556,0.000000,-0.198921,0.000000,0.980015,-0.108193,-0.000002,-0.502687,0.108192,0.000002,0.502688,-0.191570,-0.000003,0.348012,0.191567,0.000002,-0.348011
0.000072,0.000000,0.132371,0.000000,-0.190685,0.000000,0.981651,-0.098337,-0.000002,-0.495942,0.098336,0.000002,0.495943,-0.162236,-0.000003,0.320608,0.162233,0.000002,-0.320607
0.000068,0.000000,0.133201,0.000000,-0.182291,0.000000,0.983245,-0.088239,-0.000002,-0.488972,0.088238,0.000002,0.488973,-0.132435,-0.000003,0.292469,0.132432,0.000002,-0.292468
0.000065,0.000000,0.134041,0.000000,-0.173769,0.000000,0.984786,-0.077929,-0.000002,-0.481802,0.077929,0.000002,0.481804,-0.102264,-0.000003,0.263679,0.102261,0.000002,-0.263678
0.000062,0.000000,0.134890,0.000000,-0.165153,0.000000,0.986268,-0.067441,-0.000002,-0.474462,0.067440,0.000002,0.474463,-0.071820,-0.000003,0.234325,0.071817,0.000002,-0.234324
0.000059,0.000000,0.135744,0.000000,-0.156475,0.000000,0.987682,-0.056806,-0.000002,-0.466981,0.056805,0.000002,0.466982,-0.041203,-0.000003,0.204500,0.041199,0.000002,-0.204499
0.000055,0.000000,0.136599,0.000000,-0.147769,0.000000,0.989022,-0.046060,-0.000002,-0.459391,0.046060,0.000002,0.459393,-0.010511,-0.000003,0.174302,0.010508,0.000002,-0.174301
0.000052,0.000000,0.137453,0.000000,-0.139067,0.000000,0.990283,-0.035240,-0.000002,-0.451727,0.035239,0.000002,0.451728,0.020154,-0.000003,0.143831,-0.020157,0.000002,-0.143831
0.000049,0.000000,0.138302,0.000000,-0.130404,0.000000,0.991461,-0.024382,-0.000002,-0.444023,0.024382,0.000002,0.444025,0.050693,-0.000003,0.113192,-0.050696,0.000003,-0.113191
0.000046,0.000000,0.139143,0.000000,-0.121814,0.000000,0.992553,-0.013527,-0.000002,-0.436317,0.013526,0.000002,0.436318,0.081004,-0.000003,0.082493,-0.081007,0.000003,-0.082492
0.000042,0.000000,0.139972,0.000000,-0.113329,0.000000,0.993558,-0.002713,-0.000002,-0.428643,0.002712,0.000002,0.428644,0.110986,-0.000003,0.051844,-0.110989,0.000003,-0.051843
0.000039,0.000000,0.140788,0.000000,-0.104982,0.000000,0.994474,0.008019,-0.000002,-0.421040,-0.008020,0.000001,0.421041,0.140539,-0.000003,0.021359,-0.140542,0.000003,-0.021358
0.000036,0.000000,0.141586,0.000000,-0.096805,0.000000,0.995303,0.018627,-0.000001,-0.413543,-0.018627,0.000001,0.413544,0.169562,-0.000003,-0.008845,-0.169565,0.000003,0.008846
0.000033,0.000000,0.142364,0.000000,-0.088828,0.000000,0.996047,0.029068,-0.000001,-0.406187,-0.029069,0.000001,0.406189,0.197957,-0.000003,-0.038650,-0.197960,0.000003,0.038651
0.000030,0.000000,0.143118,0.000000,-0.081082,0.000000,0.996707,0.039301,-0.000001,-0.399008,-0.039302,0.000001,0.399010,0.225626,-0.000003,-0.067938,-0.225629,0.000003,0.067939
0.000027,0.000000,0.143848,0.000000,-0.073595,0.000000,0.997288,0.049284,-0.000001,-0.392039,-0.049285,0.000001,0.392040,0.252473,-0.000003,-0.096587,-0.252477,0.000003,0.096588
0.000025,0.000000,0.144549,0.000000,-0.066392,0.000000,0.997794,0.058974,-0.000001,-0.385309,-0.058975,0.000001,0.385311,0.278406,-0.000003,-0.124479,-0.278409,0.000003,0.124480
0.000022,0.000000,0.145219,0.000000,-0.059500,0.000000,0.998228,0.068331,-0.000000,-0.378849,-0.068332,0.000000,0.378850,0.303333,-0.000003,-0.151494,-0.303336,0.000003,0.151495
0.000020,0.000000,0.145857,0.000000,-0.052939,0.000000,0.998598,0.077316,-0.000000,-0.372684,-0.077316,0.000000,0.372685,0.327169,-0.000003,-0.177516,-0.327172,0.000003,0.177517
0.000017,0.000000,0.146461,0.000000,-0.046730,0.000000,0.998908,0.085890,-0.000000,-0.366838,-0.085890,0.000000,0.366839,0.349834,-0.000003,-0.202432,-0.349837,0.000003,0.202433
0.000015,0.000000,0.147028,0.000000,-0.040893,0.000000,0.999164,0.093967,0.000001,-0.361183,-0.093968,-0.000001,0.361184,0.371251,-0.000003,-0.226135,-0.371254,0.000003,0.226136
0.000013,0.000000,0.147558,0.000000,-0.035440,0.000000,0.999372,0.101636,0.000001,-0.356067,-0.101636,-0.000001,0.356068,0.391352,-0.000003,-0.248522,-0.391356,0.000003,0.248523
0.000011,0.000000,0.148049,0.000000,-0.030386,0.000000,0.999538,0.108718,0.000001,-0.351326,-0.108718,-0.000001,0.351327,0.410078,-0.000003,-0.269502,-0.410082,0.000002,0.269503
0.000010,0.000000,0.148501,0.000000,-0.025739,0.000000,0.999669,0.115343,0.000001,-0.346942,-0.115344,-0.000001,0.346943,0.427378,-0.000002,-0.288992,-0.427381,0.000002,0.288992
0.000008,0.000000,0.148912,0.000000,-0.021506,0.000000,0.999769,0.121421,0.000001,-0.342949,-0.121422,-0.000001,0.342950,0.443211,-0.000002,-0.306921,-0.443214,0.000002,0.306922
0.000007,0.000000,0.149282,0.000000,-0.017690,0.000000,0.999844,0.126934,0.000001,-0.339348,-0.126934,-0.000001,0.339350,0.457550,-0.000002,-0.323235,-0.457553,0.000002,0.323236
0.000005,0.000000,0.149613,0.000000,-0.014289,0.000000,0.999898,0.131873,0.000001,-0.336140,-0.131873,-0.000001,0.336141,0.470380,-0.000002,-0.337895,-0.470383,0.000002,0.337896
0.000004,0.000000,0.149903,0.000000,-0.011300,0.000000,0.999936,0.136235,0.000001,-0.333320,-0.136236,-0.000001,0.333321,0.481702,-0.000002,-0.350881,-0.481705,0.000002,0.350882
0.000003,0.000000,0.150154,0.000000,-0.008713,0.000000,0.999962,0.140026,0.000001,-0.330880,-0.140027,-0.000001,0.330881,0.491531,-0.000001,-0.362194,-0.491534,0.000001,0.362194
0.000002,0.000000,0.150367,0.000000,-0.006517,0.000000,0.999979,0.143257,0.000001,-0.328808,-0.143258,-0.000001,0.328810,0.499902,-0.000001,-0.371856,-0.499906,0.000001,0.371857
0.000002,0.000000,0.150544,0.000000,-0.004695,0.000000,0.999989,0.145946,0.000000,-0.327089,-0.145947,-0.000001,0.327091,0.506868,-0.000001,-0.379916,-0.506871,0.000001,0.379916
0.000001,0.000000,0.150687,0.000000,-0.003225,0.000000,0.999995,0.148121,0.000000,-0.325702,-0.148122,-0.000001,0.325704,0.512498,-0.000001,-0.386444,-0.512501,0.000001,0.386445
0.000001,0.000000,0.150798,0.000000,-0.002082,0.000000,0.999998,0.149816,0.000000,-0.324624,-0.149817,-0.000001,0.324625,0.516885,-0.000001,-0.391539,-0.516888,0.000001,0.391540
0.000000,0.000000,0.150880,0.000000,-0.001235,0.000000,0.999999,0.151075,0.000000,-0.323824,-0.151075,-0.000001,0.323825,0.520141,-0.000000,-0.395326,-0.520145,0.000000,0.395327
0.000000,0.000000,0.150937,0.000000,-0.000648,0.000000,1.000000,0.151948,0.000000,-0.323269,-0.151948,-0.000001,0.323270,0.522324,-0.000007,-0.397829,-0.522327,0.000007,0.397830
0.000000,0.000000,0.150973,0.000000,-0.000280,0.000000,1.000000,0.152495,0.000000,-0.322921,-0.152496,-0.000001,0.322922,0.523766,-0.000005,-0.399521,-0.523769,0.000005,0.399522
0.000000,0.000000,0.150992,0.000000,-0.000085,0.000000,1.000000,0.152786,0.000000,-0.322736,-0.152787,-0.000001,0.322737,0.524541,-0.000003,-0.400436,-0.524544,0.000003,0.400437
0.000000,0.000000,0.150999,0.000000,-0.000011,0.000000,1.000000,0.152897,0.000000,-0.322666,-0.152897,-0.000001,0.322667,0.524843,-0.000001,-0.400797,-0.524847,0.000001,0.400798
0.000000,0.000000,0.151000,0.000000,0.000000,0.000000,1.000000,0.152897,0.000000,-0.322666,-0.152897,-0.000001,0.322667,0.524843,-0.000001,-0.400797,-0.524847,0.000001,0.400798
0.000053,0.000040,0.151013,0.000000,0.000000,0.000000,1.000000,0.152729,0.000311,-0.323049,-0.152644,0.000304,0.322885,0.524602,0.000303,-0.401047,-0.524477,0.000306,0.400845
0.000384,0.000288,0.151096,0.000000,0.000000,0.000000,1.000000,0.151597,0.002235,-0.325503,-0.150764,0.002237,0.324149,0.522393,0.002203,-0.401518,-0.521533,0.002185,0.400117
0.001158,0.000869,0.151290,0.000000,0.000000,0.000000,1.000000,0.149125,0.006766,-0.331567,-0.146474,0.006748,0.327223,0.517406,0.006641,-0.402932,-0.514746,0.006599,0.398613
0.002437,0.001828,0.151609,0.000000,0.000000,0.000000,1.000000,0.145206,0.014201,-0.341769,-0.139683,0.014211,0.332807,0.509202,0.013959,-0.405346,-0.503529,0.013963,0.396234
0.004198,0.003148,0.152049,0.000000,0.000000,0.000000,1.000000,0.140271,0.024371,-0.356437,-0.130716,0.024398,0.340967,0.498336,0.024033,-0.409417,-0.488560,0.024047,0.393721
0.006349,0.004762,0.152587,0.000000,0.000000,0.000000,1.000000,0.134973,0.036704,-0.375364,-0.120432,0.036759,0.351892,0.485603,0.036333,-0.415346,-0.470798,0.036365,0.391593
0.008754,0.006565,0.153188,0.000000,0.000000,0.000000,1.000000,0.130030,0.050366,-0.397850,-0.109826,0.050455,0.365353,0.472065,0.050053,-0.423169,-0.451642,0.050118,0.390444
0.011246,0.008435,0.153812,0.000000,0.000000,0.000000,1.000000,0.126030,0.064392,-0.422671,-0.099799,0.064511,0.380644,0.458895,0.064241,-0.432725,-0.432577,0.064341,0.390620
0.013651,0.010238,0.154413,0.000000,0.000000,0.000000,1.000000,0.123288,0.077801,-0.448124,-0.091145,0.077930,0.396831,0.447021,0.077888,-0.443314,-0.414957,0.078022,0.392110
0.015802,0.011852,0.154951,0.000000,0.000000,0.000000,1.000000,0.121799,0.089703,-0.472187,-0.084238,0.089817,0.412475,0.437114,0.090057,-0.453937,-0.399847,0.090217,0.394543
0.017563,0.013172,0.155391,0.000000,0.000000,0.000000,1.000000,0.121279,0.099384,-0.492818,-0.079184,0.099461,0.426107,0.429523,0.099984,-0.463446,-0.387949,0.100159,0.397306
0.018842,0.014131,0.155710,0.000000,0.000000,0.000000,1.000000,0.121310,0.106390,-0.508361,-0.075853,0.106424,0.436489,0.424307,0.107180,-0.470824,-0.379626,0.107356,0.399849
0.019616,0.014712,0.155904,0.000000,0.000000,0.000000,1.000000,0.121502,0.110621,-0.518004,-0.073980,0.110620,0.442973,0.421274,0.111528,-0.475483,-0.374623,0.111708,0.401440
0.019947,0.014960,0.155987,0.000000,0.000000,0.000000,1.000000,0.121529,0.112408,-0.522006,-0.073166,0.112404,0.445698,0.419979,0.113372,-0.477455,-0.372522,0.113555,0.402164
0.020000,0.015000,0.156000,0.000000,0.000000,0.000000,1.000000,0.121574,0.112710,-0.522735,-0.073036,0.112702,0.446153,0.419801,0.113683,-0.477842,-0.372176,0.113864,0.402287
0.020000,0.015000,0.156000,0.000000,0.000000,0.000000,1.000000,0.121574,0.112710,-0.522735,-0.073036,0.112702,0.446153,0.415088,0.113855,-0.470935,-0.372176,0.113864,0.402287
0.020000,0.015000,0.156000,0.000000,0.000000,0.000000,1.000000,0.121574,0.112710,-0.522735,-0.073036,0.112702,0.446153,0.387946,0.114864,-0.431423,-0.372176,0.113864,0.402287
0.020000,0.015000,0.156000,0.000000,0.000000,0.000000,1.000000,0.121574,0.112710,-0.522735,-0.073036,0.112702,0.446153,0.331235,0.117345,-0.350884,-0.372176,0.113864,0.402287
0.020000,0.015000,0.156000,0.000000,0.000000,0.000000,1.000000,0.121574,0.112710,-0.522735,-0.073036,0.112702,0.446153,0.249884,0.121758,-0.240336,-0.372176,0.113864,0.402287
0.020000,0.015000,0.156000,0.000000,0.000000,0.000000,1.000000,0.121574,0.112710,-0.522735,-0.073036,0.112702,0.446153,0.155087,0.128141,-0.119391,-0.372176,0.113864,0.402287
0.020000,0.015000,0.156000,0.000000,0.000000,0.000000,1.000000,0.121574,0.112710,-0.522735,-0.073036,0.112702,0.446153,0.060210,0.135814,-0.007328,-0.372176,0.113864,0.402287
0.020000,0.015000,0.156000,0.000000,0.000000,0.000000,1.000000,0.121574,0.112710,-0.522735,-0.073036,0.112702,0.446153,-0.021208,0.143360,0.081376,-0.372176,0.113864,0.402287
0.020000,0.015000,0.156000,0.000000,0.000000,0.000000,1.000000,0.121574,0.112710,-0.522735,-0.073036,0.112702,0.446153,-0.077815,0.149116,0.138816,-0.372176,0.113864,0.402287
0.020000,0.015000,0.156000,0.000000,0.000000,0.000000,1.000000,0.121574,0.112710,-0.522735,-0.073036,0.112702,0.446153,-0.104789,0.151948,0.165111,-0.372176,0.113864,0.402287
0.020000,0.015000,0.156000,0.000000,0.000000,0.000000,1.000000,0.121574,0.112710,-0.522735,-0.073036,0.112702,0.446153,-0.109512,0.152453,0.169623,-0.372176,0.113864,0.402287
0.020000,0.015000,0.156000,0.000000,0.000000,0.000000,1.000000,0.121574,0.112710,-0.522735,-0.073036,0.112702,0.446153,-0.108586,0.151893,0.164865,-0.372176,0.113864,0.402287
0.020000,0.015000,0.156000,0.000000,0.000000,0.000000,1.000000,0.121574,0.112710,-0.522735,-0.073036,0.112702,0.446153,-0.102372,0.148809,0.136379,-0.372176,0.113864,0.402287
0.020000,0.015000,0.156000,0.000000,0.000000,0.000000,1.000000,0.121574,0.112710,-0.522735,-0.073036,0.112702,0.446153,-0.087441,0.142684,0.074370,-0.372176,0.113864,0.402287
0.020000,0.015000,0.156000,0.000000,0.000000,0.000000,1.000000,0.121574,0.112710,-0.522735,-0.073036,0.112702,0.446153,-0.060975,0.134774,-0.020916,-0.372176,0.113864,0.402287
0.020000,0.015000,0.156000,0.000000,0.000000,0.000000,1.000000,0.121574,0.112710,-0.522735,-0.073036,0.112702,0.446153,-0.023070,0.126885,-0.140589,-0.372176,0.113864,0.402287
0.020000,0.015000,0.156000,0.000000,0.000000,0.000000,1.000000,0.121574,0.112710,-0.522735,-0.073036,0.112702,0.446153,0.022281,0.120467,-0.269376,-0.372176,0.113864,0.402287
0.020000,0.015000,0.156000,0.000000,0.000000,0.000000,1.000000,0.121574,0.112710,-0.522735,-0.073036,0.112702,0.446153,0.066990,0.116146,-0.387098,-0.372176,0.113864,0.402287
0.020000,0.015000,0.156000,0.000000,0.000000,0.000000,1.000000,0.121574,0.112710,-0.522735,-0.073036,0.112702,0.446153,0.101264,0.113796,-0.473087,-0.372176,0.113864,0.402287
0.020000,0.015000,0.156000,0.000000,0.000000,0.000000,1.000000,0.121574,0.112710,-0.522735,-0.073036,0.112702,0.446153,0.118491,0.112859,-0.515263,-0.372176,0.113864,0.402287
0.020000,0.015000,0.156000,0.000000,0.000000,0.000000,1.000000,0.121574,0.112710,-0.522735,-0.073036,0.112702,0.446153,0.121574,0.112710,-0.522735,-0.372176,0.113864,0.402287
0.020000,0.014920,0.156000,0.000000,0.000000,0.000000,1.000000,0.121417,0.112122,-0.522506,-0.073110,0.112101,0.446280,0.121417,0.112122,-0.522506,-0.372212,0.113262,0.402331
0.020000,0.014424,0.156000,0.000000,0.000000,0.000000,1.000000,0.119972,0.108420,-0.520280,-0.073239,0.108397,0.446487,0.119972,0.108420,-0.520280,-0.372317,0.109519,0.402517
0.020000,0.013262,0.156000,0.000000,0.000000,0.000000,1.000000,0.116591,0.099680,-0.515036,-0.073597,0.099717,0.447061,0.116591,0.099680,-0.515036,-0.372668,0.100749,0.403084
0.020000,0.011344,0.156000,0.000000,0.000000,0.000000,1.000000,0.111145,0.085259,-0.506544,-0.074622,0.085266,0.448712,0.111145,0.085259,-0.506544,-0.373675,0.086144,0.404715
0.020000,0.008704,0.156000,0.000000,0.000000,0.000000,1.000000,0.104406,0.065424,-0.496003,-0.076453,0.065435,0.451653,0.104406,0.065424,-0.496003,-0.375474,0.066105,0.407622
0.020000,0.005477,0.156000,0.000000,0.000000,0.000000,1.000000,0.097094,0.041175,-0.484502,-0.079529,0.041182,0.456582,0.097094,0.041175,-0.484502,-0.378494,0.041600,0.412492
0.020000,0.001869,0.156000,0.000000,0.000000,0.000000,1.000000,0.090100,0.014058,-0.473435,-0.084073,0.014061,0.463841,0.090100,0.014058,-0.473435,-0.382955,0.014201,0.419662
0.020000,-0.001869,0.156000,0.000000,0.000000,0.000000,1.000000,0.084128,-0.014055,-0.463936,-0.090038,-0.014051,0.473328,0.084128,-0.014055,-0.463936,-0.388809,-0.014188,0.429028
0.020000,-0.005477,0.156000,0.000000,0.000000,0.000000,1.000000,0.079573,-0.041178,-0.456657,-0.097032,-0.041168,0.484395,0.079573,-0.041178,-0.456657,-0.395671,-0.041559,0.439948
0.020000,-0.008704,0.156000,0.000000,0.000000,0.000000,1.000000,0.076483,-0.065432,-0.451705,-0.104351,-0.065417,0.495909,0.076483,-0.065432,-0.451705,-0.402850,-0.066021,0.451300
0.020000,-0.011344,0.156000,0.000000,0.000000,0.000000,1.000000,0.074639,-0.085264,-0.448741,-0.111107,-0.085253,0.506479,0.074639,-0.085264,-0.448741,-0.409474,-0.086017,0.461715
0.020000,-0.013262,0.156000,0.000000,0.000000,0.000000,1.000000,0.073771,-0.099659,-0.447354,-0.116463,-0.099665,0.514819,0.073771,-0.099659,-0.447354,-0.414723,-0.100538,0.469929
0.020000,-0.014424,0.156000,0.000000,0.000000,0.000000,1.000000,0.073230,-0.108327,-0.446478,-0.119893,-0.108388,0.520143,0.073230,-0.108327,-0.446478,-0.418084,-0.109324,0.475169
0.020000,-0.014920,0.156000,0.000000,0.000000,0.000000,1.000000,0.073110,-0.112076,-0.446283,-0.121317,-0.112088,0.522342,0.073110,-0.112076,-0.446283,-0.419482,-0.113049,0.477339
0.020000,-0.015000,0.156000,0.000000,0.000000,0.000000,1.000000,0.073093,-0.112695,-0.446253,-0.121576,-0.112710,0.522738,0.073093,-0.112695,-0.446253,-0.419793,-0.113680,0.477828
0.020000,-0.015000,0.156000,0.000000,0.000000,0.000000,1.000000,0.073093,-0.112695,-0.446253,-0.121576,-0.112710,0.522738,0.073093,-0.112695,-0.446253,-0.415091,-0.113855,0.470937
0.020000,-0.015000,0.156000,0.000000,0.000000,0.000000,1.000000,0.073093,-0.112695,-0.446253,-0.121576,-0.112710,0.522738,0.073093,-0.112695,-0.446253,-0.387949,-0.114864,0.431424
0.020000,-0.015000,0.156000,0.000000,0.000000,0.000000,1.000000,0.073093,-0.112695,-0.446253,-0.121576,-0.112710,0.522738,0.073093,-0.112695,-0.446253,-0.331238,-0.117345,0.350885
0.020000,-0.015000,0.156000,0.000000,0.000000,0.000000,1.000000,0.073093,-0.112695,-0.446253,-0.121576,-0.112710,0.522738,0.073093,-0.112695,-0.446253,-0.249888,-0.121758,0.240337
0.020000,-0.015000,0.156000,0.000000,0.000000,0.000000,1.000000,0.073093,-0.112695,-0.446253,-0.121576,-0.112710,0.522738,0.073093,-0.112695,-0.446253,-0.155091,-0.128142,0.119393
0.020000,-0.015000,0.156000,0.000000,0.000000,0.000000,1.000000,0.073093,-0.112695,-0.446253,-0.121576,-0.112710,0.522738,0.073093,-0.112695,-0.446253,-0.060214,-0.135814,0.007330
0.020000,-0.015000,0.156000,0.000000,0.000000,0.000000,1.000000,0.073093,-0.112695,-0.446253,-0.121576,-0.112710,0.522738,0.073093,-0.112695,-0.446253,0.021205,-0.143361,-0.081375
0.020000,-0.015000,0.156000,0.000000,0.000000,0.000000,1.000000,0.073093,-0.112695,-0.446253,-0.121576,-0.112710,0.522738,0.073093,-0.112695,-0.446253,0.077811,-0.149117,-0.138814
0.020000,-0.015000,0.156000,0.000000,0.000000,0.000000,1.000000,0.073093,-0.112695,-0.446253,-0.121576,-0.112710,0.522738,0.073093,-0.112695,-0.446253,0.104785,-0.151949,-0.165110
0.020000,-0.015000,0.156000,0.000000,0.000000,0.000000,1.000000,0.073093,-0.112695,-0.446253,-0.121576,-0.112710,0.522738,0.073093,-0.112695,-0.446253,0.109509,-0.152454,-0.169622
0.020000,-0.015000,0.156000,0.000000,0.000000,0.000000,1.000000,0.073093,-0.112695,-0.446253,-0.121576,-0.112710,0.522738,0.073093,-0.112695,-0.446253,0.108582,-0.151894,-0.164864
0.020000,-0.015000,0.156000,0.000000,0.000000,0.000000,1.000000,0.073093,-0.112695,-0.446253,-0.121576,-0.112710,0.522738,0.073093,-0.112695,-0.446253,0.102369,-0.148810,-0.136378
0.020000,-0.015000,0.156000,0.000000,0.000000,0.000000,1.000000,0.073093,-0.112695,-0.446253,-0.121576,-0.112710,0.522738,0.073093,-0.112695,-0.446253,0.087439,-0.142685,-0.074369
0.020000,-0.015000,0.156000,0.000000,0.000000,0.000000,1.000000,0.073093,-0.112695,-0.446253,-0.121576,-0.112710,0.522738,0.073093,-0.112695,-0.446253,0.060973,-0.134775,0.020918
0.020000,-0.015000,0.156000,0.000000,0.000000,0.000000,1.000000,0.073093,-0.112695,-0.446253,-0.121576,-0.112710,0.522738,0.073093,-0.112695,-0.446253,0.023068,-0.126885,0.140591
0.020000,-0.015000,0.156000,0.000000,0.000000,0.000000,1.000000,0.073093,-0.112695,-0.446253,-0.121576,-0.112710,0.522738,0.073093,-0.112695,-0.446253,-0.022283,-0.120467,0.269378
0.020000,-0.015000,0.156000,0.000000,0.000000,0.000000,1.000000,0.073093,-0.112695,-0.446253,-0.121576,-0.112710,0.522738,0.073093,-0.112695,-0.446253,-0.066991,-0.116146,0.387101
0.020000,-0.015000,0.156000,0.000000,0.000000,0.000000,1.000000,0.073093,-0.112695,-0.446253,-0.121576,-0.112710,0.522738,0.073093,-0.112695,-0.446253,-0.101265,-0.113796,0.473090
0.020000,-0.015000,0.156000,0.000000,0.000000,0.000000,1.000000,0.073093,-0.112695,-0.446253,-0.121576,-0.112710,0.522738,0.073093,-0.112695,-0.446253,-0.118492,-0.112859,0.515266
0.020000,-0.015000,0.156000,0.000000,0.000000,0.000000,1.000000,0.073093,-0.112695,-0.446253,-0.121576,-0.112710,0.522738,0.073093,-0.112695,-0.446253,-0.121576,-0.112710,0.522738
0.019977,-0.014983,0.156006,0.000000,0.000000,0.000000,1.000000,0.073246,-0.112572,-0.446228,-0.121731,-0.112579,0.522725,0.073246,-0.112572,-0.446228,-0.121731,-0.112579,0.522725
0.019829,-0.014872,0.156043,0.000000,0.000000,0.000000,1.000000,0.074430,-0.111739,-0.446390,-0.122586,-0.111757,0.522381,0.074430,-0.111739,-0.446390,-0.122586,-0.111757,0.522381
0.019468,-0.014601,0.156133,0.000000,0.000000,0.000000,1.000000,0.077276,-0.109710,-0.446721,-0.124565,-0.109725,0.521367,0.077276,-0.109710,-0.446721,-0.124565,-0.109725,0.521367
0.018842,-0.014131,0.156290,0.000000,0.000000,0.000000,1.000000,0.082257,-0.106188,-0.447370,-0.128030,-0.106196,0.519660,0.082257,-0.106188,-0.447370,-0.128030,-0.106196,0.519660
0.017930,-0.013447,0.156518,0.000000,0.000000,0.000000,1.000000,0.089784,-0.101015,-0.448758,-0.133163,-0.101052,0.517327,0.089784,-0.101015,-0.448758,-0.133163,-0.101052,0.517327
0.016738,-0.012554,0.156815,0.000000,0.000000,0.000000,1.000000,0.099625,-0.094287,-0.450647,-0.140161,-0.094294,0.514740,0.099625,-0.094287,-0.450647,-0.140161,-0.094294,0.514740
0.015297,-0.011472,0.157176,0.000000,0.000000,0.000000,1.000000,0.111764,-0.086141,-0.453367,-0.148781,-0.086145,0.511941,0.111764,-0.086141,-0.453367,-0.148781,-0.086145,0.511941
0.013651,-0.010238,0.157587,0.000000,0.000000,0.000000,1.000000,0.125921,-0.076844,-0.457055,-0.158939,-0.076847,0.509340,0.125921,-0.076844,-0.457055,-0.158939,-0.076847,0.509340
0.011863,-0.008897,0.158034,0.000000,0.000000,0.000000,1.000000,0.141676,-0.066738,-0.461774,-0.170365,-0.066741,0.507230,0.141676,-0.066738,-0.461774,-0.170365,-0.066741,0.507230
0.010000,-0.007500,0.158500,0.000000,0.000000,0.000000,1.000000,0.158484,-0.056221,-0.467476,-0.182679,-0.056224,0.505825,0.158484,-0.056221,-0.467476,-0.182679,-0.056224,0.505825
0.008137,-0.006103,0.158966,0.000000,0.000000,0.000000,1.000000,0.175703,-0.045714,-0.473987,-0.195409,-0.045716,0.505228,0.175703,-0.045714,-0.473987,-0.195409,-0.045716,0.505228
0.006349,-0.004762,0.159413,0.000000,0.000000,0.000000,1.000000,0.192624,-0.035635,-0.481007,-0.208019,-0.035637,0.505415,0.192624,-0.035635,-0.481007,-0.208019,-0.035637,0.505415
0.004703,-0.003528,0.159824,0.000000,0.000000,0.000000,1.000000,0.208524,-0.026377,-0.488134,-0.219949,-0.026378,0.506245,0.208524,-0.026377,-0.488134,-0.219949,-0.026378,0.506245
0.003262,-0.002446,0.160185,0.000000,0.000000,0.000000,1.000000,0.222719,-0.018277,-0.494911,-0.230657,-0.018276,0.507492,0.222719,-0.018277,-0.494911,-0.230657,-0.018276,0.507492
0.002070,-0.001553,0.160482,0.000000,0.000000,0.000000,1.000000,0.234635,-0.011594,-0.500889,-0.239684,-0.011592,0.508889,0.234635,-0.011594,-0.500889,-0.239684,-0.011592,0.508889
0.001158,-0.000869,0.160710,0.000000,0.000000,0.000000,1.000000,0.243872,-0.006484,-0.505698,-0.246703,-0.006482,0.510183,0.243872,-0.006484,-0.505698,-0.246703,-0.006482,0.510183
0.000532,-0.000399,0.160867,0.000000,0.000000,0.000000,1.000000,0.250273,-0.002978,-0.509120,-0.251470,-0.002988,0.511019,0.250273,-0.002978,-0.509120,-0.251470,-0.002988,0.511019
0.000171,-0.000128,0.160957,0.000000,0.000000,0.000000,1.000000,0.253884,-0.000976,-0.510975,-0.254345,-0.000963,0.511710,0.253884,-0.000976,-0.510975,-0.254345,-0.000963,0.511710
0.000023,-0.000017,0.160994,0.000000,0.000000,0.000000,1.000000,0.255469,-0.000138,-0.511905,-0.255548,-0.000132,0.512033,0.255469,-0.000138,-0.511905,-0.255548,-0.000132,0.512033
0.000000,0.000000,0.161000,0.000000,0.000000,0.000000,1.000000,0.255747,-0.000001,-0.512099,-0.255752,-0.000000,0.512108,0.255747,-0.000001,-0.512099,-0.255752,-0.000000,0.512108
0.000000,0.000000,0.161000,0.000000,0.000000,0.000000,1.000000,0.255747,-0.000001,-0.512099,-0.255752,-0.000000,0.512108,0.255747,-0.000001,-0.512099,-0.255752,-0.000000,0.512108
0.000000,0.000000,0.161000,0.000000,0.000000,0.000000,1.000000,0.255747,-0.000001,-0.512099,-0.255752,-0.000000,0.512108,0.255747,-0.000001,-0.512099,-0.255752,-0.000000,0.512108
0.000000,0.000000,0.161000,0.000000,0.000000,0.000000,1.000000,0.255747,-0.000001,-0.512099,-0.255752,-0.000000,0.512108,0.255747,-0.000001,-0.512099,-0.255752,-0.000000,0.512108
0.000000,0.000000,0.161000,0.000000,0.000000,0.000000,1.000000,0.255747,-0.000001,-0.512099,-0.255752,-0.000000,0.512108,0.255747,-0.000001,-0.512099,-0.255752,-0.000000,0.512108
0.000000,0.000000,0.161000,0.000000,0.000000,0.000000,1.000000,0.255747,-0.000001,-0.512099,-0.255752,-0.000000,0.512108,0.255747,-0.000001,-0.512099,-0.255752,-0.000000,0.512108
0.000000,0.000000,0.161000,0.000000,0.000000,0.000000,1.000000,0.255747,-0.000001,-0.512099,-0.255752,-0.000000,0.512108,0.255747,-0.000001,-0.512099,-0.255752,-0.000000,0.512108
0.000000,0.000000,0.161000,0.000000,0.000000,0.000000,1.000000,0.255747,-0.000001,-0.512099,-0.255752,-0.000000,0.512108,0.255747,-0.000001,-0.512099,-0.255752,-0.000000,0.512108
0.000000,0.000000,0.161000,0.000000,0.000000,0.000000,1.000000,0.255747,-0.000001,-0.512099,-0.255752,-0.000000,0.512108,0.255747,-0.000001,-0.512099,-0.255752,-0.000000,0.512108
0.000000,0.000000,0.161000,0.000000,0.000000,0.000000,1.000000,0.255747,-0.000001,-0.512099,-0.255752,-0.000000,0.512108,0.255747,-0.000001,-0.512099,-0.255752,-0.000000,0.512108
0.000000,0.000000,0.161000,0.000000,0.000000,0.000000,1.000000,0.255747,-0.000001,-0.512099,-0.255752,-0.000000,0.512108,0.255747,-0.000001,-0.512099,-0.255752,-0.000000,0.512108
0.000000,0.000000,0.161000,0.000000,0.000000,0.000000,1.000000,0.255747,-0.000001,-0.512099,-0.255752,-0.000000,0.512108,0.255747,-0.000001,-0.512099,-0.255752,-0.000000,0.512108
0.000000,0.000000,0.161000,0.000000,0.000000,0.000000,1.000000,0.255747,-0.000001,-0.512099,-0.255752,-0.000000,0.512108,0.255747,-0.000001,-0.512099,-0.255752,-0.000000,0.512108
0.000000,0.000000,0.161000,0.000000,0.000000,0.000000,1.000000,0.255747,-0.000001,-0.512099,-0.255752,-0.000000,0.512108,0.255747,-0.000001,-0.512099,-0.255752,-0.000000,0.512108
0.000000,0.000000,0.161000,0.000000,0.000000,0.000000,1.000000,0.255747,-0.000001,-0.512099,-0.255752,-0.000000,0.512108,0.255747,-0.000001,-0.512099,-0.255752,-0.000000,0.512108
0.000000,0.000000,0.161000,0.000000,0.000000,0.000000,1.000000,0.255747,-0.000001,-0.512099,-0.255752,-0.000000,0.512108,0.255747,-0.000001,-0.512099,-0.255752,-0.000000,0.512108
0.000000,0.000000,0.161000,0.000000,0.000000,0.000000,1.000000,0.255747,-0.000001,-0.512099,-0.255752,-0.000000,0.512108,0.255747,-0.000001,-0.512099,-0.255752,-0.000000,0.512108
0.000000,0.000000,0.161000,0.000000,0.000000,0.000000,1.000000,0.255747,-0.000001,-0.512099,-0.255752,-0.000000,0.512108,0.255747,-0.000001,-0.512099,-0.255752,-0.000000,0.512108
0.000000,0.000000,0.161000,0.000000,0.000000,0.000000,1.000000,0.255747,-0.000001,-0.512099,-0.255752,-0.000000,0.512108,0.255747,-0.000001,-0.512099,-0.255752,-0.000000,0.512108
0.000000,0.000000,0.161000,0.000000,0.000000,0.000000,1.000000,0.255747,-0.000001,-0.512099,-0.255752,-0.000000,0.512108,0.255747,-0.000001,-0.512099,-0.255752,-0.000000,0.512108
0.000000,0.000000,0.161000,0.000000,0.000000,0.000000,1.000000,0.255747,-0.000001,-0.512099,-0.255752,-0.000000,0.512108,0.255747,-0.000001,-0.512099,-0.255752,-0.000000,0.512108
